id,date,sum
1,2,6
1,3,7
1,8,5
1,10,7
1,15,8
1,17,6
1,23,2
1,24,7
1,28,1
1,29,5
1,31,6
1,36,4
1,38,6
1,43,4
1,45,7
1,46,4
1,49,1
1,52,8
1,55,4
1,56,5
1,65,7
1,66,5
1,68,7
1,69,1
1,71,4
1,72,1
1,73,7
1,74,3
1,76,2
1,78,1
1,80,7
1,87,7
1,94,7
1,97,4
1,99,2
1,101,7
1,105,6
1,108,7
1,113,1
1,115,7
1,122,7
1,127,2
1,128,1
1,129,7
1,130,1
1,131,2
1,135,3
1,136,8
1,139,5
1,142,1
1,143,7
1,147,5
1,149,3
1,150,7
1,151,2
1,152,4
1,153,2
1,154,2
1,157,8
1,160,1
1,162,1
1,164,8
1,169,2
1,170,5
1,171,8
1,174,1
1,178,7
1,183,5
1,185,7
1,192,7
1,199,7
1,200,2
1,201,4
1,206,7
1,207,1
1,211,6
1,213,7
1,217,7
1,219,2
1,220,6
1,221,3
1,222,5
1,224,7
1,226,2
1,227,7
1,231,6
1,232,3
1,233,6
1,234,1
1,236,1
1,238,5
1,240,2
1,241,7
1,244,2
1,246,7
1,248,8
1,251,3
1,252,2
1,253,6
1,255,8
1,259,6
1,261,2
1,262,7
1,264,2
1,265,1
1,266,8
1,267,3
1,268,4
1,271,6
1,272,1
1,274,5
1,275,6
1,279,6
1,282,1
1,283,6
1,285,1
1,286,1
1,287,4
1,293,5
1,295,2
1,296,1
1,297,7
1,300,5
1,301,2
1,303,6
1,304,7
1,305,1
1,307,5
1,309,1
1,311,7
1,313,1
1,315,5
1,316,3
1,318,7
1,319,1
1,320,2
1,321,4
1,323,2
1,325,7
1,327,4
1,329,2
1,332,7
1,333,1
1,334,6
1,335,1
1,337,2
1,339,7
1,340,3
1,341,5
1,344,1
1,346,7
1,348,5
1,349,1
1,353,7
1,355,5
1,356,1
1,358,3
1,360,8
1,362,4
1,364,1
1,365,1
1,366,2
1,367,7
1,369,5
1,371,1
1,373,3
1,374,8
1,376,6
1,378,2
1,381,7
1,383,5
1,385,1
1,386,6
1,387,1
1,388,6
1,389,1
1,390,6
1,393,2
1,394,1
1,395,7
1,396,5
1,398,2
1,399,1
1,400,1
1,401,4
1,402,8
1,404,6
1,406,2
1,408,5
1,415,1
1,416,6
1,417,1
1,418,6
1,419,1
1,423,7
1,424,1
1,425,6
1,426,1
1,427,1
1,430,7
1,432,6
1,437,6
2,1,2
2,2,3
2,10,2
2,11,4
2,17,2
2,18,3
2,20,3
2,25,1
2,29,2
2,30,3
2,36,2
2,37,1
2,38,5
2,45,4
2,46,1
2,47,1
2,48,1
2,49,6
2,54,2
2,55,6
2,56,3
2,65,4
2,72,4
2,74,4
2,81,5
2,83,3
2,90,4
2,91,4
2,97,2
2,99,3
2,100,2
2,102,3
2,103,3
2,108,4
2,109,2
2,110,2
2,117,4
2,118,3
2,119,3
2,126,4
2,128,4
2,132,2
2,136,3
2,137,4
2,139,2
2,144,3
2,146,4
2,153,5
2,155,3
2,161,2
2,164,4
2,166,4
2,167,2
2,168,4
2,169,3
2,170,3
2,173,3
2,177,3
2,178,3
2,180,3
2,181,3
2,182,7
2,189,2
2,190,1
2,191,2
2,198,2
2,200,4
2,204,1
2,207,2
2,216,5
2,218,2
2,225,2
2,227,3
2,234,4
2,243,4
2,244,4
2,245,4
2,252,4
2,261,4
2,263,5
2,264,6
2,266,4
2,268,6
2,272,1
2,279,4
2,281,2
2,288,3
2,289,3
2,299,4
2,306,4
2,308,3
2,314,3
2,315,3
2,317,2
2,324,4
2,326,2
2,328,3
2,330,1
2,332,4
2,340,3
2,342,3
2,344,4
2,352,3
2,353,3
2,357,4
2,362,5
2,365,3
2,370,4
2,373,4
2,379,3
2,386,2
2,387,5
2,388,4
2,394,4
2,396,4
2,405,4
2,407,6
2,410,3
2,414,4
2,415,2
2,416,4
2,423,5
2,432,4
3,2,5
3,3,4
3,9,5
3,16,5
3,23,6
3,30,6
3,36,5
3,44,6
3,45,5
3,51,5
3,53,5
3,60,6
3,65,5
3,73,6
3,86,4
3,87,6
3,100,5
3,108,5
3,115,6
3,137,5
3,149,6
3,150,5
3,157,5
3,163,6
3,170,6
3,175,5
3,185,7
3,191,6
3,205,6
3,212,6
3,221,4
3,235,4
3,240,4
3,247,6
3,254,5
3,255,5
3,264,7
3,273,5
3,274,5
3,282,5
3,289,5
3,296,5
3,304,5
3,310,5
3,336,5
3,345,5
3,352,5
3,359,5
4,1,7
4,7,5
4,16,6
4,21,6
4,30,5
4,34,5
4,35,5
4,38,4
4,44,1
4,45,7
4,49,6
4,53,1
4,58,6
4,63,7
4,66,2
4,72,5
4,77,5
4,80,1
4,84,5
4,87,2
4,91,5
4,98,7
4,101,2
4,105,7
4,112,6
4,119,6
4,122,3
4,126,6
4,129,1
4,133,5
4,135,4
4,143,6
4,148,6
4,156,4
4,161,6
4,170,6
4,175,5
4,184,6
4,189,5
4,198,5
4,203,5
4,205,5
4,212,5
4,219,5
4,225,6
4,227,1
4,231,7
4,233,4
4,239,6
4,240,2
4,246,5
4,248,2
4,254,5
4,259,6
4,266,5
4,268,4
4,274,5
4,282,5
4,283,2
4,287,4
4,296,6
4,304,6
4,310,6
4,315,4
4,324,6
4,329,6
4,338,6
4,343,6
4,346,1
4,352,5
4,357,5
4,366,5
4,371,5
4,380,6
4,385,6
4,392,6
4,399,6
4,408,5
4,413,5
4,416,4
4,422,5
4,423,7
4,427,7
4,434,3
4,436,6
5,1,2
5,6,3
5,8,1
5,12,1
5,13,1
5,16,5
5,20,2
5,23,2
5,25,1
5,26,4
5,29,3
5,33,3
5,35,4
5,39,4
5,42,3
5,46,3
5,47,2
5,49,2
5,51,3
5,54,4
5,57,4
5,60,4
5,61,1
5,64,4
5,67,3
5,70,2
5,74,2
5,76,1
5,77,1
5,79,2
5,82,3
5,83,1
5,86,2
5,88,4
5,90,2
5,91,1
5,93,3
5,95,3
5,96,3
5,98,1
5,102,2
5,106,4
5,112,2
5,115,1
5,116,4
5,118,1
5,123,4
5,125,3
5,126,2
5,128,1
5,130,4
5,135,2
5,136,4
5,137,2
5,139,3
5,140,1
5,145,4
5,146,1
5,147,1
5,148,1
5,149,1
5,152,1
5,153,2
5,154,1
5,155,4
5,158,2
5,159,1
5,160,3
5,162,2
5,166,5
5,167,2
5,170,3
5,171,4
5,172,3
5,175,4
5,176,2
5,180,4
5,183,2
5,187,1
5,190,1
5,193,1
5,195,1
5,196,4
5,201,4
5,204,3
5,207,5
5,209,4
5,213,3
5,221,2
5,227,2
5,229,3
5,231,4
5,244,3
5,245,2
5,246,3
5,249,4
5,253,3
5,258,2
5,260,4
5,264,1
5,265,6
5,266,6
5,268,2
5,272,3
5,273,2
5,277,4
5,278,2
5,279,3
5,285,3
5,287,5
5,291,5
5,297,4
5,300,2
5,301,4
5,305,1
5,307,3
5,311,1
5,312,6
5,316,3
5,318,4
5,321,3
5,325,1
5,326,5
5,327,2
5,329,1
5,330,2
5,334,3
5,335,2
5,336,2
5,340,2
5,342,4
5,345,5
5,347,1
5,348,4
5,351,1
5,356,5
5,358,1
5,360,2
5,363,2
5,365,1
5,366,4
5,368,2
5,371,2
5,375,2
5,376,1
5,378,1
5,382,4
5,385,3
5,387,1
5,395,3
5,398,4
5,400,2
5,405,2
5,409,3
5,415,4
5,421,1
5,423,3
5,425,2
5,430,2
5,432,1
5,433,1
5,436,4
5,438,5
6,1,5
6,6,3
6,8,1
6,9,4
6,15,4
6,19,1
6,23,4
6,24,2
6,30,5
6,31,3
6,33,3
6,37,4
6,44,5
6,51,5
6,53,2
6,60,3
6,62,1
6,65,7
6,71,1
6,72,5
6,79,5
6,81,2
6,86,6
6,93,6
6,100,5
6,107,5
6,109,2
6,114,5
6,121,5
6,128,6
6,135,5
6,142,5
6,148,6
6,155,4
6,157,1
6,162,3
6,163,4
6,164,2
6,170,5
6,177,5
6,184,4
6,191,4
6,198,3
6,203,2
6,205,5
6,206,4
6,210,2
6,212,4
6,219,4
6,220,5
6,225,3
6,226,4
6,233,4
6,235,3
6,239,1
6,240,4
6,247,4
6,250,1
6,261,5
6,263,4
6,267,5
6,276,3
6,282,4
6,288,4
6,295,2
6,303,4
6,306,1
6,310,4
6,317,2
6,324,4
6,328,1
6,331,3
6,332,1
6,336,2
6,338,5
6,342,1
6,345,4
6,351,1
6,352,3
6,354,3
6,368,6
6,373,4
6,380,4
6,387,5
6,388,3
6,394,5
6,401,4
6,405,2
6,408,4
6,415,4
6,417,2
6,422,3
6,425,4
6,429,5
6,431,3
6,436,4
6,437,1
7,1,7
7,6,1
7,8,5
7,13,2
7,22,6
7,26,4
7,31,1
7,34,2
7,36,5
7,40,2
7,42,3
7,43,6
7,46,2
7,47,3
7,50,5
7,53,1
7,55,2
7,58,1
7,60,2
7,66,1
7,68,1
7,69,1
7,72,1
7,73,1
7,76,3
7,77,3
7,78,6
7,79,5
7,85,6
7,90,1
7,92,5
7,94,2
7,97,3
7,99,6
7,100,2
7,105,4
7,106,5
7,110,1
7,111,1
7,117,2
7,118,2
7,119,2
7,124,1
7,125,1
7,126,1
7,129,1
7,131,1
7,132,2
7,134,5
7,138,3
7,141,5
7,142,1
7,143,1
7,147,1
7,149,3
7,150,4
7,151,2
7,153,3
7,154,3
7,156,2
7,158,1
7,159,1
7,162,1
7,170,1
7,176,1
7,178,1
7,181,1
7,185,2
7,187,2
7,188,2
7,189,1
7,190,5
7,192,2
7,197,1
7,199,3
7,204,6
7,206,2
7,209,3
7,211,6
7,213,3
7,216,2
7,219,1
7,223,1
7,224,2
7,225,6
7,227,3
7,228,3
7,232,5
7,237,1
7,239,6
7,241,2
7,243,2
7,252,3
7,253,6
7,256,1
7,258,1
7,260,4
7,263,2
7,267,6
7,272,1
7,273,1
7,274,6
7,275,1
7,279,3
7,281,6
7,283,1
7,288,6
7,290,4
7,294,1
7,295,4
7,297,3
7,300,3
7,302,6
7,303,3
7,305,1
7,307,1
7,309,5
7,310,3
7,316,6
7,318,5
7,320,1
7,321,1
7,323,6
7,324,1
7,328,2
7,330,6
7,331,3
7,332,1
7,333,2
7,334,1
7,335,2
7,336,2
7,337,5
7,338,3
7,340,1
7,342,2
7,343,1
7,344,4
7,349,2
7,351,5
7,358,5
7,363,4
7,364,2
7,365,2
7,367,4
7,370,1
7,371,1
7,372,6
7,373,1
7,374,1
7,375,1
7,376,1
7,377,2
7,379,6
7,380,1
7,381,4
7,384,3
7,385,1
7,386,6
7,391,2
7,392,2
7,393,6
7,394,5
7,395,1
7,400,5
7,401,1
7,402,1
7,404,1
7,406,2
7,407,5
7,409,1
7,411,2
7,414,1
7,416,2
7,417,1
7,419,3
7,421,6
7,426,3
7,427,1
7,428,5
7,430,3
7,432,2
7,434,1
7,435,6
7,436,4
7,437,1
8,6,5
8,10,5
8,15,4
8,19,4
8,22,5
8,36,5
8,38,5
8,40,1
8,43,5
8,45,3
8,47,3
8,54,3
8,58,6
8,68,4
8,73,2
8,76,4
8,83,6
8,85,4
8,88,3
8,90,3
8,93,6
8,95,2
8,99,1
8,101,5
8,110,4
8,117,4
8,123,5
8,132,5
8,141,1
8,149,5
8,157,5
8,188,4
8,190,3
8,194,4
8,208,5
8,212,4
8,224,5
8,226,1
8,229,5
8,234,1
8,246,2
8,248,5
8,257,6
8,261,5
8,267,6
8,273,5
8,275,1
8,279,2
8,284,2
8,286,6
8,288,2
8,292,4
8,300,3
8,303,2
8,304,6
8,318,1
8,321,3
8,324,3
8,328,6
8,330,3
8,342,6
8,343,5
8,348,3
8,349,1
8,355,5
8,359,1
8,366,2
8,367,4
8,369,4
8,371,1
8,376,5
8,377,3
8,379,6
8,385,5
8,395,2
8,399,3
8,401,4
8,404,4
8,413,4
8,424,5
8,427,2
8,429,5
8,435,6
9,10,4
9,12,2
9,19,4
9,23,4
9,26,3
9,30,5
9,33,5
9,37,5
9,44,4
9,47,1
9,52,4
9,55,3
9,58,4
9,65,4
9,73,4
9,75,2
9,80,4
9,107,5
9,108,2
9,111,4
9,115,5
9,121,5
9,124,4
9,129,4
9,132,3
9,135,6
9,143,4
9,150,6
9,153,3
9,163,5
9,164,1
9,166,3
9,171,3
9,174,4
9,177,5
9,181,3
9,184,5
9,187,4
9,191,1
9,195,5
9,197,2
9,202,3
9,209,4
9,212,4
9,223,3
9,226,4
9,230,3
9,234,3
9,241,6
9,248,5
9,255,4
9,258,5
9,261,5
9,265,6
9,272,6
9,279,3
9,283,4
9,289,5
9,293,3
9,297,5
9,299,3
9,304,6
9,310,5
9,317,5
9,325,4
9,328,4
9,331,4
9,334,4
9,339,4
9,341,2
9,345,1
9,353,4
9,355,4
9,362,3
9,366,6
9,369,1
9,373,5
9,376,3
9,381,3
9,384,3
9,387,3
9,391,4
9,401,5
9,404,2
9,408,4
9,416,1
9,419,3
9,423,3
9,426,2
9,430,2
9,432,5
9,436,3
10,1,6
10,6,1
10,9,6
10,16,6
10,20,4
10,22,4
10,28,5
10,42,6
10,50,5
10,58,4
10,63,5
10,66,3
10,67,4
10,70,2
10,74,2
10,75,4
10,79,6
10,81,3
10,83,1
10,91,1
10,95,1
10,100,7
10,104,3
10,107,2
10,109,1
10,110,5
10,112,5
10,116,1
10,117,1
10,123,2
10,124,4
10,125,1
10,128,7
10,130,3
10,131,1
10,132,5
10,133,4
10,135,5
10,145,1
10,146,2
10,150,4
10,152,1
10,153,2
10,154,1
10,156,2
10,158,5
10,160,4
10,161,3
10,165,3
10,166,2
10,167,2
10,168,5
10,169,2
10,172,4
10,176,4
10,181,1
10,182,6
10,186,5
10,187,3
10,188,2
10,189,6
10,192,7
10,197,5
10,198,2
10,200,3
10,202,3
10,204,5
10,207,1
10,208,1
10,212,6
10,214,4
10,215,3
10,216,2
10,218,5
10,219,6
10,221,1
10,222,1
10,223,2
10,228,2
10,229,4
10,230,3
10,232,3
10,236,6
10,238,4
10,239,4
10,240,4
10,241,7
10,242,4
10,243,1
10,245,5
10,247,5
10,249,3
10,251,1
10,253,5
10,256,2
10,257,3
10,258,6
10,260,5
10,264,1
10,265,1
10,266,6
10,268,2
10,271,5
10,272,1
10,275,4
10,282,5
10,290,3
10,294,5
10,295,3
10,297,7
10,298,3
10,300,5
10,302,6
10,305,4
10,306,4
10,309,5
10,310,1
10,312,1
10,317,5
10,319,1
10,322,5
10,324,2
10,325,8
10,362,3
10,363,3
10,364,2
11,2,3
11,3,4
11,5,1
11,6,7
11,10,1
11,14,5
11,16,3
11,18,3
11,20,4
11,24,3
11,27,4
11,34,4
11,40,3
11,49,5
11,57,5
11,63,4
11,64,3
11,65,4
11,70,6
11,73,3
11,76,6
11,81,5
11,82,1
11,85,6
11,90,5
11,104,5
11,106,4
11,108,5
11,111,5
11,115,7
11,118,3
11,121,6
11,124,4
11,125,4
11,128,4
11,130,2
11,132,4
11,134,2
11,139,5
11,143,5
11,150,9
11,154,4
11,157,4
11,158,6
11,159,5
11,163,5
11,167,3
11,171,4
11,174,4
11,175,4
11,179,3
11,181,2
11,183,4
11,184,7
11,185,4
11,186,4
11,188,2
11,190,3
11,194,5
11,196,3
11,199,4
11,200,2
11,201,2
11,204,5
11,206,3
11,207,2
11,208,2
11,213,3
11,214,2
11,217,3
11,219,4
11,220,2
11,222,2
11,224,4
11,225,4
11,229,4
11,231,3
11,232,2
11,234,4
11,237,2
11,239,6
11,242,2
11,243,4
11,246,4
11,248,5
11,250,4
11,254,5
11,255,5
11,258,3
11,263,4
11,265,6
11,267,6
11,268,4
11,274,5
11,275,2
11,281,5
11,284,4
11,285,3
11,291,2
11,293,3
11,295,4
11,296,3
11,299,3
11,300,4
11,301,5
11,305,5
11,306,1
11,309,5
11,311,2
11,314,4
11,317,3
11,318,2
11,321,4
11,323,4
11,324,5
11,328,3
11,331,5
11,334,4
11,337,4
11,338,5
11,342,5
11,343,1
11,347,2
11,349,3
11,351,5
11,353,1
11,356,5
11,358,5
11,359,2
11,361,3
11,365,5
11,368,4
11,369,4
11,372,2
11,377,6
11,379,5
11,384,5
11,385,5
11,386,1
11,387,6
11,393,6
11,395,6
11,398,5
11,401,4
11,403,5
11,405,3
11,408,4
11,411,3
11,414,5
11,415,4
11,416,3
11,420,3
11,421,5
11,422,4
11,427,4
11,435,5
11,437,4
12,2,5
12,6,7
12,12,5
12,15,2
12,17,5
12,20,6
12,26,6
12,27,5
12,28,2
12,34,7
12,36,5
12,40,6
12,42,5
12,47,6
12,49,1
12,54,7
12,62,6
12,63,5
12,64,5
12,68,6
12,73,5
12,75,6
12,82,7
12,84,5
12,89,6
12,94,4
12,96,6
12,98,3
12,103,7
12,112,5
12,117,6
12,119,5
12,124,6
12,127,1
12,131,7
12,132,4
12,134,5
12,139,6
12,145,6
12,153,6
12,159,6
12,166,6
12,169,5
12,173,6
12,180,6
12,185,5
12,186,2
12,187,6
12,190,2
12,195,6
12,201,6
12,204,5
12,208,6
12,215,6
12,216,5
12,222,7
12,229,6
12,230,5
12,236,7
12,243,7
12,248,1
12,250,6
12,255,5
12,257,6
12,258,7
12,266,5
12,279,6
12,281,5
12,285,6
12,292,6
12,294,5
12,300,5
12,306,6
12,310,5
12,313,6
12,320,7
12,322,5
12,327,4
12,328,7
12,331,4
12,335,6
12,338,2
12,341,6
12,344,2
12,348,6
12,349,5
12,355,6
12,362,6
12,370,6
12,376,7
12,377,6
12,383,6
12,391,6
12,398,6
12,399,6
12,404,6
12,411,6
12,415,5
12,418,7
12,426,7
12,432,7
13,12,5
13,17,5
13,19,3
13,23,4
13,26,5
13,30,4
13,37,4
13,46,5
13,51,5
13,65,3
13,69,4
13,76,5
13,84,4
13,92,4
13,94,3
13,99,5
13,107,5
13,108,2
13,109,2
13,114,3
13,118,4
13,125,2
13,126,1
13,128,5
13,138,5
13,146,5
13,150,4
13,159,2
13,165,4
13,167,4
13,173,5
13,178,5
13,188,4
13,192,1
13,195,5
13,202,5
13,212,5
13,220,4
13,231,5
13,235,2
13,238,4
13,249,5
13,251,1
13,254,3
13,261,6
13,265,4
13,273,3
13,275,3
13,277,5
13,283,4
13,289,4
13,293,1
13,296,4
13,300,1
13,304,4
13,310,4
13,316,5
13,324,1
13,328,4
13,338,5
13,342,1
13,344,5
13,348,5
13,354,1
13,357,3
13,362,5
13,367,2
13,370,4
13,380,6
13,386,5
13,395,4
13,398,2
13,404,6
13,419,5
13,426,5
13,432,2
13,434,4
14,23,4
14,26,8
14,30,6
14,33,5
14,36,4
14,37,1
14,41,10
14,42,6
14,44,6
14,48,3
14,50,5
14,52,1
14,54,6
14,56,6
14,63,3
14,68,3
14,69,3
14,73,2
14,78,4
14,80,3
14,81,4
14,85,7
14,98,7
14,100,6
14,101,3
14,103,4
14,104,4
14,107,6
14,112,4
14,115,6
14,118,4
14,122,7
14,127,4
14,128,6
14,130,2
14,132,5
14,136,6
14,138,5
14,141,3
14,145,6
14,146,2
14,148,7
14,156,5
14,159,5
14,163,6
14,166,6
14,168,3
14,171,3
14,175,7
14,180,5
14,181,4
14,185,6
14,187,5
14,190,4
14,192,5
14,195,7
14,196,2
14,197,4
14,198,1
14,208,4
14,209,5
14,215,5
14,217,5
14,218,5
14,220,6
14,223,1
14,228,4
14,229,5
14,230,3
14,235,5
14,238,5
14,241,5
14,243,4
14,251,6
14,257,5
14,264,7
14,265,8
14,266,1
14,270,3
14,272,5
14,273,6
14,277,6
14,282,6
14,283,4
14,290,3
14,300,2
14,302,3
14,303,8
14,307,5
14,315,6
14,321,3
14,329,8
14,336,5
14,351,4
14,356,3
14,362,3
14,363,4
14,364,5
14,369,3
14,372,4
14,373,5
14,377,6
14,384,2
14,401,5
14,402,5
14,405,4
14,409,8
14,415,6
14,418,3
14,431,5
15,3,4
15,10,4
15,13,1
15,17,4
15,31,4
15,35,1
15,38,4
15,45,5
15,48,2
15,52,4
15,58,5
15,59,4
15,66,2
15,69,2
15,73,5
15,77,2
15,80,5
15,87,5
15,89,2
15,94,4
15,97,2
15,101,4
15,103,3
15,104,4
15,106,3
15,108,5
15,112,4
15,114,3
15,115,4
15,119,2
15,122,5
15,129,4
15,133,2
15,136,4
15,143,4
15,147,1
15,150,5
15,154,2
15,157,3
15,164,4
15,173,2
15,176,3
15,178,5
15,185,5
15,187,9
15,195,4
15,197,4
15,199,4
15,206,6
15,211,2
15,212,4
15,213,5
15,217,1
15,218,2
15,220,3
15,225,2
15,229,1
15,231,2
15,234,4
15,238,1
15,239,2
15,241,6
15,244,2
15,245,1
15,248,5
15,251,2
15,255,6
15,260,6
15,263,4
15,265,3
15,266,2
15,268,2
15,273,4
15,274,5
15,275,4
15,283,3
15,290,4
15,294,6
15,295,5
15,297,5
15,299,2
15,302,3
15,304,5
15,306,1
15,311,5
15,315,2
15,318,4
15,325,5
15,328,1
15,332,4
15,339,5
15,348,2
15,353,3
15,360,6
15,367,3
15,377,2
15,381,5
15,388,3
15,393,2
15,394,1
15,395,2
15,402,5
15,409,5
15,416,4
15,423,4
15,430,5
15,437,6
16,4,5
16,5,2
16,10,2
16,14,3
16,17,4
16,18,1
16,21,4
16,27,4
16,32,3
16,35,3
16,40,5
16,42,3
16,51,3
16,57,2
16,68,3
16,75,4
16,79,2
16,89,2
16,93,4
16,98,3
16,115,2
16,118,1
16,119,3
16,124,2
16,127,4
16,136,2
16,141,4
16,147,4
16,155,4
16,162,4
16,168,4
16,175,3
16,181,1
16,182,4
16,186,1
16,194,1
16,198,5
16,207,2
16,208,2
16,214,3
16,221,2
16,227,5
16,229,3
16,232,2
16,236,2
16,239,2
16,243,3
16,247,4
16,254,2
16,255,4
16,259,5
16,260,5
16,264,1
16,275,4
16,282,5
16,287,3
16,291,3
16,295,4
16,299,2
16,310,3
16,315,4
16,323,5
16,324,2
16,328,2
16,330,2
16,331,1
16,333,5
16,337,4
16,341,2
16,342,4
16,345,3
16,350,2
16,352,4
16,355,1
16,357,1
16,359,4
16,362,4
16,363,1
16,365,4
16,371,1
16,372,5
16,373,1
16,376,5
16,377,1
16,378,1
16,379,5
16,381,1
16,382,1
16,385,4
16,388,1
16,391,4
16,394,2
16,395,1
16,398,4
16,401,2
16,402,1
16,405,2
16,409,3
16,412,3
16,415,1
16,416,4
16,419,4
16,423,4
16,426,1
16,428,3
16,429,1
16,430,1
16,436,4
17,3,6
17,9,6
17,16,7
17,23,6
17,30,6
17,37,6
17,44,6
17,47,3
17,51,7
17,58,6
17,65,6
17,73,6
17,80,6
17,86,6
17,93,6
17,100,6
17,107,6
17,114,7
17,121,6
17,128,6
17,135,6
17,142,6
17,149,5
17,156,6
17,163,6
17,171,7
17,177,6
17,184,6
17,192,6
17,198,6
17,206,6
17,212,6
17,219,6
17,226,6
17,230,5
17,233,6
17,240,6
17,248,6
17,255,7
17,258,4
17,261,7
17,275,6
17,282,6
17,289,6
17,296,6
17,303,6
17,310,7
17,317,6
17,324,6
17,331,7
17,338,6
17,345,6
17,352,6
17,359,6
18,1,6
18,8,5
18,12,1
18,15,6
18,22,6
18,29,7
18,36,7
18,43,7
18,49,6
18,57,7
18,64,7
18,71,7
18,78,7
18,79,2
18,85,7
18,87,6
18,96,1
18,99,7
18,101,1
18,106,7
18,107,2
18,109,4
18,121,7
18,126,1
18,127,7
18,135,6
18,140,1
18,141,6
18,148,5
18,154,1
18,155,5
18,162,6
18,167,1
18,169,5
18,181,1
18,183,5
18,190,6
18,197,6
18,204,5
18,209,1
18,210,1
18,211,5
18,218,5
18,222,1
18,225,5
18,232,6
18,239,5
18,241,1
18,245,5
18,248,3
18,253,1
18,254,5
18,260,4
18,266,6
18,268,6
18,281,1
18,282,6
18,288,2
18,289,6
18,295,5
18,302,5
18,309,5
18,310,1
18,317,6
18,319,1
18,330,6
18,337,6
18,344,6
18,358,6
18,362,3
18,365,6
18,372,6
18,378,2
18,380,2
18,383,5
18,393,6
18,400,6
18,403,1
18,407,6
18,413,6
18,420,1
18,421,6
18,422,1
18,427,6
18,434,6
19,1,1
19,6,3
19,11,2
19,14,1
19,19,1
19,22,2
19,24,2
19,25,5
19,28,3
19,29,1
19,31,5
19,32,4
19,34,3
19,38,5
19,43,2
19,44,1
19,47,4
19,55,3
19,57,6
19,61,2
19,64,2
19,67,6
19,72,3
19,75,3
19,77,2
19,78,7
19,83,6
19,90,3
19,93,1
19,94,2
19,95,6
19,96,1
19,101,2
19,106,6
19,108,4
19,109,4
19,121,2
19,124,3
19,128,1
19,129,3
19,131,7
19,138,5
19,146,2
19,148,7
19,153,3
19,156,6
19,159,3
19,161,2
19,165,5
19,169,1
19,172,7
19,173,4
19,175,2
19,177,4
19,178,6
19,180,1
19,182,2
19,184,6
19,189,4
19,191,1
19,192,2
19,196,3
19,197,7
19,198,3
19,199,1
19,202,1
19,203,1
19,205,2
19,208,4
19,209,4
19,210,2
19,213,2
19,214,2
19,217,1
19,218,1
19,219,2
19,220,7
19,225,6
19,227,4
19,231,3
19,232,4
19,235,2
19,236,2
19,238,1
19,239,3
19,241,6
19,246,5
19,251,1
19,253,5
19,254,2
19,256,7
19,262,3
19,266,8
19,272,3
19,275,3
19,276,7
19,279,5
19,282,2
19,285,6
19,286,2
19,288,1
19,291,3
19,292,3
19,293,3
19,295,1
19,297,6
19,303,5
19,310,1
19,314,2
19,316,3
19,319,7
19,322,2
19,323,4
19,327,4
19,329,1
19,331,7
19,337,3
19,339,1
19,340,3
19,341,1
19,344,1
19,345,7
19,351,4
19,353,5
19,356,2
19,363,3
19,365,2
19,367,1
19,370,5
19,371,3
19,374,1
19,375,2
19,376,4
19,378,2
19,381,6
19,384,4
19,386,2
19,391,2
19,392,7
19,395,3
19,396,4
19,398,2
19,399,2
19,402,5
19,405,1
19,409,2
19,410,4
19,413,2
19,420,2
19,422,6
19,424,3
19,428,3
19,430,5
19,434,4
20,2,4
20,8,2
20,10,3
20,11,1
20,15,4
20,17,2
20,21,1
20,22,1
20,25,2
20,26,5
20,27,2
20,29,2
20,30,3
20,31,3
20,32,3
20,35,3
20,36,1
20,39,4
20,40,3
20,41,3
20,42,4
20,44,2
20,45,4
20,46,2
20,47,6
20,49,3
20,51,4
20,53,2
20,54,3
20,55,2
20,56,1
20,57,5
20,58,4
20,64,4
20,65,6
20,68,5
20,70,1
20,71,6
20,72,1
20,73,2
20,74,2
20,75,3
20,76,3
20,77,3
20,78,6
20,81,2
20,82,1
20,83,2
20,84,2
20,85,6
20,86,1
20,87,3
20,92,3
20,93,2
20,94,3
20,96,2
20,97,5
20,101,7
20,102,1
20,104,3
20,105,5
20,106,1
20,107,6
20,110,2
20,111,2
20,112,3
20,113,6
20,117,2
20,118,5
20,119,4
20,120,1
20,121,6
20,123,1
20,125,2
20,126,6
20,127,2
20,128,2
20,129,4
20,130,2
20,131,3
20,132,6
20,133,4
20,134,5
20,135,2
20,136,4
20,137,3
20,138,5
20,139,1
20,141,3
20,142,5
20,145,6
20,146,2
20,147,6
20,148,1
20,149,5
20,150,1
20,153,5
20,154,4
20,157,6
20,158,1
20,159,3
20,160,2
20,161,3
20,162,1
20,165,1
20,166,3
20,167,5
20,168,3
20,169,1
20,170,3
20,172,1
20,173,2
20,174,2
20,176,2
20,178,2
20,180,3
20,181,4
20,182,3
20,185,3
20,188,2
20,190,3
20,195,3
20,196,2
20,200,2
20,201,1
20,203,1
20,204,2
20,208,4
20,209,4
20,212,2
20,213,5
20,215,3
20,216,1
20,217,1
20,218,2
20,219,2
20,222,1
20,223,5
20,224,3
20,225,3
20,226,1
20,227,2
20,228,3
20,229,3
20,230,3
20,231,1
20,232,2
20,233,1
20,234,4
20,236,3
20,237,3
20,238,2
20,239,2
20,243,2
20,244,4
20,245,5
20,246,4
20,249,3
20,250,4
20,251,1
20,252,2
20,253,2
20,254,1
20,255,4
20,257,1
20,258,3
20,259,1
20,260,2
20,261,1
20,262,1
20,263,1
20,265,4
20,266,1
20,272,4
20,274,3
20,276,2
20,277,2
20,278,3
20,279,2
20,280,2
20,281,3
20,283,2
20,285,1
20,286,4
20,287,1
20,288,1
20,290,1
20,292,1
20,293,5
20,294,1
20,296,1
20,297,2
20,298,4
20,299,2
20,300,3
20,301,2
20,302,2
20,304,1
20,305,2
20,306,3
20,308,2
20,309,1
20,310,1
20,311,1
20,312,3
20,313,3
20,314,3
20,317,3
20,318,3
20,321,4
20,322,3
20,323,2
20,325,1
20,326,1
20,328,3
20,329,1
20,330,1
20,331,1
20,332,2
20,333,1
20,334,1
20,335,4
20,336,1
20,338,2
20,339,1
20,340,2
20,341,1
20,342,2
20,343,3
20,344,3
20,345,3
20,346,4
20,347,3
20,348,2
20,350,2
20,352,3
20,354,2
20,355,3
20,357,3
20,358,2
20,360,2
20,361,3
20,362,2
20,365,3
20,366,3
20,367,1
20,368,3
20,370,2
20,373,2
20,375,4
20,376,2
20,377,3
20,379,4
20,381,3
20,382,4
20,385,2
20,386,2
20,388,1
20,391,3
20,392,1
20,394,3
20,395,3
20,396,4
20,398,1
20,399,2
20,401,1
20,402,2
20,403,2
20,404,1
20,405,3
20,406,1
20,408,3
20,409,1
20,411,1
20,413,2
20,415,3
20,416,3
20,417,3
20,418,3
20,420,2
20,423,2
20,424,3
20,425,2
20,426,3
20,427,2
20,429,2
20,430,2
20,431,2
20,432,3
20,433,2
20,434,5
20,436,2
20,437,2
20,438,1
21,1,7
21,9,6
21,16,6
21,24,7
21,30,5
21,36,8
21,48,7
21,51,6
21,57,6
21,64,7
21,70,5
21,73,4
21,77,7
21,85,6
21,105,6
21,117,6
21,133,7
21,174,8
21,201,6
21,212,6
21,219,6
21,232,8
21,246,6
21,253,8
21,259,7
21,262,4
21,283,6
21,309,6
21,317,7
21,324,7
21,328,5
21,335,7
21,371,6
21,381,8
21,414,7
21,435,8
22,2,3
22,7,1
22,10,3
22,11,2
22,14,3
22,16,4
22,19,2
22,21,2
22,22,1
22,23,1
22,24,1
22,27,5
22,30,4
22,31,2
22,34,3
22,36,3
22,39,2
22,42,5
22,43,1
22,47,1
22,48,4
22,50,1
22,51,4
22,52,2
22,55,1
22,56,1
22,57,2
22,62,5
22,63,3
22,64,1
22,68,2
22,69,2
22,70,4
22,72,3
22,77,3
22,78,4
22,79,2
22,81,4
22,82,2
22,85,2
22,86,3
22,87,3
22,89,2
22,92,2
22,94,3
22,97,3
22,98,3
22,100,2
22,101,2
22,102,2
22,103,3
22,104,1
22,106,1
22,107,3
22,111,3
22,112,3
22,113,2
22,114,3
22,115,1
22,116,2
22,119,3
22,120,2
22,121,1
22,124,4
22,125,1
22,126,2
22,131,3
22,132,2
22,133,3
22,135,3
22,137,3
22,138,3
22,139,3
22,141,2
22,142,1
22,144,3
22,145,2
22,150,4
22,151,1
22,153,1
22,157,3
22,161,4
22,166,1
22,167,3
22,169,2
22,170,2
22,173,2
22,174,1
22,175,3
22,179,2
22,181,4
22,182,2
22,183,4
22,184,4
22,185,2
22,199,2
22,200,3
22,204,2
22,205,3
22,206,3
22,209,2
22,214,4
22,217,3
22,219,3
22,220,4
22,222,3
22,226,3
22,229,3
22,231,3
22,232,2
22,233,3
22,234,3
22,236,3
22,241,2
22,243,8
22,246,4
22,247,3
22,248,1
22,250,2
22,251,2
22,254,2
22,255,4
22,258,3
22,259,3
22,262,5
22,264,4
22,268,5
22,271,3
22,272,2
22,274,3
22,278,2
22,279,2
22,281,3
22,285,1
22,287,3
22,289,3
22,290,4
22,291,4
22,292,3
22,293,2
22,296,2
22,299,2
22,301,3
22,302,5
22,304,5
22,309,3
22,310,4
22,311,2
22,312,4
22,315,2
22,316,2
22,317,3
22,318,3
22,319,3
22,321,2
22,322,3
22,324,3
22,326,4
22,329,3
22,331,3
22,332,5
22,334,3
22,341,4
22,344,5
22,346,3
22,349,4
22,351,1
22,356,2
22,357,3
22,358,2
22,359,6
22,362,3
22,363,1
22,385,1
22,386,3
22,388,2
22,389,2
22,391,3
22,392,5
22,396,1
22,400,4
22,402,4
22,405,1
22,409,2
22,410,2
22,411,3
22,413,3
22,415,2
22,416,4
22,422,2
22,424,3
22,427,4
22,430,3
22,431,2
22,432,2
22,435,4
22,437,4
22,438,5
23,6,5
23,8,4
23,31,7
23,39,4
23,42,1
23,45,5
23,58,6
23,72,6
23,93,7
23,104,1
23,112,4
23,122,3
23,124,7
23,132,5
23,136,6
23,137,4
23,156,7
23,184,8
23,200,4
23,212,7
23,217,5
23,224,4
23,231,4
23,238,4
23,245,4
23,247,8
23,249,2
23,252,4
23,256,4
23,261,5
23,263,6
23,275,4
23,279,6
23,281,4
23,293,4
23,301,5
23,311,8
23,318,6
23,341,6
23,367,6
23,400,7
24,2,7
24,7,6
24,9,5
24,13,5
24,14,4
24,20,5
24,35,6
24,41,5
24,45,6
24,53,5
24,54,2
24,59,6
24,62,6
24,68,2
24,71,7
24,74,5
24,82,6
24,86,6
24,91,5
24,96,6
24,100,4
24,103,3
24,119,6
24,122,3
24,128,6
24,135,5
24,138,4
24,147,6
24,152,5
24,159,5
24,164,7
24,168,4
24,173,5
24,181,1
24,182,6
24,187,4
24,190,5
24,194,6
24,197,5
24,200,4
24,201,3
24,226,5
24,236,6
24,243,6
24,246,4
24,250,5
24,260,7
24,266,4
24,268,1
24,275,3
24,280,6
24,286,5
24,289,5
24,294,4
24,299,5
24,306,4
24,308,3
24,313,6
24,318,7
24,321,3
24,332,7
24,341,5
24,343,2
24,346,5
24,352,5
24,355,5
24,362,6
24,364,1
24,373,6
24,383,6
24,392,5
24,397,6
24,402,2
24,404,4
24,406,5
24,411,7
24,412,2
24,418,4
24,421,6
24,433,6
24,437,6
25,1,4
25,2,3
25,5,3
25,6,6
25,9,4
25,12,1
25,15,3
25,16,6
25,17,5
25,18,4
25,21,3
25,23,2
25,27,6
25,31,2
25,33,3
25,35,6
25,43,6
25,45,4
25,48,2
25,50,6
25,52,3
25,53,4
25,55,4
25,59,3
25,61,4
25,64,6
25,65,3
25,66,3
25,70,6
25,72,3
25,78,3
25,80,6
25,83,3
25,84,3
25,87,1
25,90,6
25,94,4
25,97,4
25,100,2
25,101,2
25,102,4
25,103,2
25,114,6
25,115,5
25,119,4
25,122,5
25,124,4
25,128,2
25,129,3
25,130,6
25,133,4
25,141,3
25,143,6
25,146,3
25,151,3
25,154,4
25,157,4
25,158,4
25,159,1
25,163,5
25,175,5
25,184,3
25,185,4
25,192,4
25,193,6
25,197,4
25,199,3
25,200,6
25,211,4
25,213,3
25,214,3
25,215,5
25,216,3
25,218,2
25,220,3
25,221,5
25,227,5
25,230,4
25,232,4
25,237,4
25,240,3
25,254,5
25,262,2
25,263,5
25,268,4
25,275,3
25,279,6
25,283,4
25,284,6
25,291,5
25,294,6
25,297,3
25,300,5
25,304,4
25,309,5
25,311,3
25,313,5
25,316,3
25,318,4
25,323,4
25,328,4
25,332,4
25,333,2
25,335,7
25,343,3
25,344,5
25,346,5
25,347,3
25,353,4
25,356,2
25,360,3
25,361,4
25,362,4
25,363,4
25,368,4
25,369,5
25,374,5
25,376,6
25,381,4
25,387,5
25,388,6
25,392,4
25,394,5
25,397,6
25,401,4
25,402,3
25,405,2
25,406,4
25,408,4
25,411,6
25,415,3
25,416,5
25,418,4
25,420,6
25,423,3
25,427,3
25,428,4
25,432,5
25,437,4
25,438,6
26,30,6
26,43,6
26,56,6
26,57,6
26,78,5
26,87,6
26,94,6
26,112,7
26,121,7
26,143,5
26,153,6
26,156,5
26,162,6
26,164,4
26,172,4
26,176,6
26,189,6
26,198,6
26,200,6
26,201,2
26,206,4
26,217,6
26,220,3
26,221,4
26,230,4
26,232,7
26,248,6
26,253,1
26,259,7
26,262,4
26,274,7
26,284,3
26,288,6
26,302,5
26,318,5
26,335,6
26,342,5
26,346,1
26,347,5
26,355,6
26,361,3
27,3,4
27,6,1
27,12,1
27,13,2
27,14,5
27,20,3
27,21,1
27,26,1
27,29,1
27,31,4
27,42,1
27,44,5
27,49,4
27,50,1
27,54,2
27,56,2
27,57,2
27,59,1
27,73,2
27,74,2
27,77,2
27,80,2
27,81,1
27,84,2
27,92,1
27,93,1
27,95,1
27,99,2
27,111,2
27,126,2
27,127,1
27,130,1
27,131,1
27,133,2
27,139,1
27,145,1
27,154,3
27,155,1
27,159,2
27,162,1
27,166,1
27,172,2
27,174,6
27,176,3
27,178,3
27,183,2
27,188,1
27,189,1
27,190,5
27,193,1
27,196,5
27,208,1
27,212,5
27,215,4
27,224,1
27,225,2
27,227,5
27,235,5
27,236,1
27,241,2
27,244,7
27,249,4
27,250,2
27,251,1
27,252,3
27,253,2
27,257,2
27,258,2
27,259,1
27,262,6
27,266,4
27,268,5
27,271,2
27,272,4
27,277,1
27,279,1
27,280,1
27,285,1
27,288,1
27,292,1
27,297,4
27,298,1
27,299,1
27,301,2
27,302,1
27,303,1
27,305,1
27,306,1
27,311,4
27,312,1
27,313,1
27,315,3
27,316,6
27,317,3
27,318,3
27,323,1
27,328,3
27,329,1
27,330,2
27,335,2
27,336,4
27,338,1
27,339,3
27,341,2
27,343,1
27,344,3
27,346,1
27,347,2
27,348,1
27,351,1
27,352,6
27,357,4
27,365,2
27,370,2
27,372,2
27,375,3
27,382,1
27,385,1
27,387,6
27,391,1
27,397,1
27,399,1
27,400,1
27,404,1
27,406,1
27,421,2
27,423,1
27,424,1
27,425,4
27,426,1
27,431,1
27,432,1
28,15,5
28,17,4
28,27,5
28,34,3
28,41,4
28,48,4
28,55,3
28,59,4
28,62,3
28,73,4
28,79,4
28,80,5
28,90,4
28,96,4
28,97,4
28,98,4
28,101,4
28,103,2
28,106,6
28,109,6
28,123,5
28,128,5
28,132,3
28,134,3
28,135,4
28,142,5
28,147,5
28,151,4
28,153,4
28,159,5
28,164,3
28,169,1
28,171,5
28,178,1
28,184,4
28,196,6
28,203,5
28,212,6
28,220,1
28,222,5
28,231,5
28,237,4
28,248,5
28,251,6
28,255,6
28,263,5
28,271,6
28,284,6
28,288,3
28,297,5
28,304,4
28,315,5
28,319,2
28,334,5
28,339,4
28,341,3
28,355,6
28,368,5
28,376,6
28,395,3
28,397,5
28,404,6
28,415,5
28,418,4
28,425,5
28,432,6
29,2,4
29,5,5
29,6,2
29,7,3
29,9,2
29,13,1
29,17,2
29,20,5
29,21,1
29,23,3
29,26,2
29,27,5
29,30,1
29,31,2
29,36,1
29,37,2
29,38,2
29,40,1
29,44,4
29,45,3
29,49,1
29,52,4
29,54,2
29,56,6
29,63,6
29,66,1
29,67,3
29,69,4
29,70,6
29,74,5
29,76,1
29,78,5
29,80,2
29,81,2
29,82,4
29,87,1
29,88,2
29,89,6
29,92,5
29,93,1
29,95,2
29,97,5
29,100,5
29,102,3
29,105,5
29,106,1
29,114,3
29,115,1
29,119,4
29,120,5
29,122,5
29,125,4
29,126,2
29,127,5
29,128,4
29,130,3
29,133,5
29,138,3
29,140,2
29,141,1
29,143,2
29,144,2
29,145,4
29,147,3
29,151,4
29,152,2
29,155,4
29,157,4
29,158,1
29,159,3
29,161,2
29,162,1
29,163,2
29,164,2
29,166,3
29,167,1
29,170,3
29,171,6
29,172,1
29,174,2
29,176,3
29,177,6
29,184,5
29,185,5
29,186,3
29,187,5
29,188,1
29,191,3
29,193,3
29,195,4
29,196,1
29,197,1
29,199,2
29,200,2
29,206,3
29,207,2
29,209,4
29,210,2
29,213,3
29,214,2
29,215,2
29,217,4
29,220,4
29,221,3
29,223,2
29,224,2
29,226,4
29,227,4
29,228,1
29,230,2
29,234,6
29,238,2
29,239,3
29,240,1
29,241,4
29,242,6
29,244,1
29,246,4
29,248,1
29,249,2
29,251,2
29,253,3
29,255,4
29,263,4
29,265,4
29,267,6
29,272,4
29,278,3
29,281,3
29,282,4
29,283,4
29,289,3
29,290,1
29,294,4
29,296,5
29,297,5
29,298,3
29,299,4
29,300,1
29,302,2
29,303,7
29,305,2
29,306,2
29,311,3
29,312,2
29,317,3
29,318,5
29,320,3
29,322,4
29,323,1
29,324,1
29,325,1
29,326,2
29,328,1
29,330,4
29,331,5
29,332,1
29,334,4
29,336,2
29,339,3
29,340,2
29,346,3
29,347,5
29,350,1
29,352,5
29,353,4
29,356,2
29,359,5
29,360,4
29,362,2
29,364,2
29,365,5
29,367,5
29,370,1
29,374,4
29,375,5
29,379,5
29,381,2
29,384,3
29,386,1
29,387,6
29,388,5
29,391,4
29,395,4
29,396,5
29,400,5
29,401,2
29,403,3
29,404,5
29,406,2
29,409,5
29,411,5
29,413,5
29,415,3
29,416,2
29,422,5
29,423,5
29,426,4
29,429,3
29,430,4
29,431,6
29,434,2
29,437,2
29,438,3
30,1,4
30,5,4
30,6,1
30,13,5
30,16,6
30,17,3
30,20,4
30,21,1
30,24,6
30,26,1
30,27,4
30,28,3
30,30,4
30,31,5
30,34,4
30,35,6
30,36,3
30,37,4
30,40,3
30,41,1
30,43,1
30,44,4
30,45,6
30,48,2
30,49,1
30,50,3
30,55,3
30,56,4
30,57,5
30,58,5
30,61,5
30,62,6
30,65,6
30,67,6
30,68,4
30,70,3
30,72,5
30,75,3
30,76,3
30,77,1
30,79,3
30,82,5
30,84,6
30,85,1
30,86,2
30,89,5
30,90,4
30,91,4
30,92,4
30,93,6
30,95,4
30,96,3
30,97,2
30,98,2
30,100,6
30,104,4
30,105,3
30,106,3
30,109,6
30,110,6
30,111,5
30,113,5
30,115,3
30,118,1
30,119,4
30,120,6
30,121,6
30,124,5
30,127,1
30,129,3
30,131,6
30,132,1
30,133,3
30,135,3
30,136,7
30,138,1
30,140,6
30,141,4
30,145,3
30,147,3
30,149,2
30,151,6
30,157,5
30,160,1
30,161,6
30,163,3
30,165,1
30,166,3
30,167,4
30,168,2
30,170,5
30,172,5
30,173,5
30,176,5
30,177,2
30,180,2
30,181,4
30,182,1
30,184,5
30,186,6
30,187,5
30,188,4
30,189,2
30,190,5
30,191,4
30,195,5
30,197,5
30,198,4
30,199,5
30,201,3
30,202,1
30,203,4
30,205,6
30,208,4
30,211,6
30,215,3
30,217,4
30,219,6
30,222,4
30,224,6
30,225,1
30,226,3
30,229,3
30,232,3
30,233,5
30,236,6
30,237,1
30,239,6
30,244,2
30,247,4
30,255,5
30,257,4
30,258,1
30,259,3
30,260,2
30,261,7
30,263,5
30,266,6
30,268,4
30,274,1
30,275,3
30,279,5
30,280,2
30,281,2
30,282,5
30,285,4
30,286,5
30,289,5
30,290,4
30,292,3
30,294,2
30,295,4
30,297,6
30,300,3
30,301,3
30,302,4
30,303,5
30,306,4
30,307,4
30,308,3
30,309,1
30,310,3
30,312,6
30,313,3
30,316,4
30,317,5
30,319,4
30,320,1
30,321,4
30,322,2
30,324,4
30,329,7
30,330,3
30,331,2
30,335,4
30,336,2
30,337,6
30,338,4
30,341,2
30,342,2
30,343,3
30,344,5
30,345,4
30,346,2
30,348,1
30,349,5
30,351,6
30,352,2
30,355,5
30,356,4
30,358,2
30,360,3
30,361,3
30,362,4
30,364,4
30,365,6
30,366,5
30,369,4
30,371,4
30,373,5
30,376,2
30,377,6
30,378,3
30,380,6
30,381,4
30,384,1
30,385,4
30,386,3
30,390,4
30,391,3
30,392,2
30,393,4
30,398,1
30,399,1
30,400,4
30,401,4
30,403,1
30,405,4
30,406,2
30,407,4
30,408,3
30,411,3
30,412,2
30,413,4
30,414,1
30,416,1
30,418,3
30,419,1
30,420,5
30,422,6
30,424,3
30,425,5
30,426,2
30,427,3
30,428,4
30,429,5
30,430,2
30,432,4
30,433,1
30,434,1
30,435,6
30,436,6
31,1,5
31,2,2
31,6,2
31,7,3
31,9,6
31,14,2
31,15,2
31,16,7
31,19,2
31,21,3
31,22,2
31,26,5
31,29,6
31,30,3
31,31,5
31,35,5
31,37,5
31,40,2
31,41,1
31,42,4
31,43,5
31,44,6
31,45,6
31,47,3
31,48,6
31,49,3
31,51,3
31,55,4
31,58,5
31,59,1
31,62,4
31,65,6
31,66,5
31,67,1
31,83,6
31,84,1
31,89,3
31,90,3
31,94,6
31,97,3
31,103,3
31,105,1
31,106,4
31,110,3
31,113,5
31,118,6
31,121,5
31,122,5
31,125,3
31,132,6
31,134,4
31,135,4
31,139,5
31,142,6
31,146,2
31,147,2
31,148,4
31,149,4
31,155,2
31,159,5
31,161,2
31,162,6
31,163,5
31,166,7
31,167,1
31,168,2
31,169,1
31,170,6
31,173,4
31,176,1
31,177,5
31,180,6
31,182,2
31,184,6
31,191,5
31,192,3
31,196,4
31,198,7
31,200,1
31,201,1
31,203,7
31,205,3
31,209,5
31,212,7
31,213,5
31,215,5
31,218,2
31,219,6
31,222,7
31,223,3
31,224,2
31,228,5
31,229,5
31,231,3
31,232,7
31,236,5
31,237,5
31,243,5
31,245,2
31,246,7
31,247,5
31,250,7
31,252,3
31,254,5
31,257,4
31,258,3
31,259,7
31,260,8
31,262,5
31,264,3
31,266,3
31,272,6
31,275,4
31,281,3
31,285,5
31,288,4
31,292,7
31,293,3
31,294,3
31,299,4
31,303,5
31,306,5
31,307,4
31,309,5
31,313,8
31,314,5
31,317,4
31,320,3
31,322,3
31,324,6
31,327,1
31,328,1
31,332,3
31,334,3
31,341,1
31,344,5
31,346,3
31,348,4
31,349,1
31,352,1
31,355,5
31,357,1
31,359,4
31,364,2
31,369,4
31,370,2
31,373,5
31,379,5
31,380,1
31,383,1
31,385,4
31,386,6
31,387,2
31,393,6
31,396,3
31,399,4
31,400,2
31,401,5
31,405,4
31,406,5
31,407,5
31,408,6
31,411,6
31,413,4
31,415,4
31,433,4
31,435,5
32,15,5
32,19,1
32,24,2
32,25,5
32,26,2
32,43,4
32,49,2
32,52,2
32,53,6
32,56,1
32,61,2
32,66,1
32,67,9
32,68,9
32,80,5
32,91,2
32,96,1
32,105,5
32,136,5
32,138,3
32,140,3
32,142,1
32,144,4
32,145,1
32,147,5
32,149,1
32,154,5
32,158,3
32,161,3
32,163,6
32,165,1
32,170,1
32,175,4
32,176,1
32,181,1
32,184,6
32,191,6
32,194,3
32,200,2
32,203,1
32,208,3
32,221,5
32,222,2
32,228,1
32,232,1
32,235,1
32,249,4
32,250,7
32,252,5
32,256,1
32,257,2
32,266,3
32,273,1
32,297,3
32,311,4
32,312,1
32,319,3
32,326,1
32,329,6
32,341,7
32,348,1
32,354,1
32,357,5
32,358,6
32,363,2
33,5,2
33,6,5
33,10,5
33,15,4
33,18,6
33,24,4
33,36,5
33,38,1
33,39,6
33,41,2
33,43,4
33,44,4
33,45,5
33,50,2
33,51,5
33,52,6
33,54,5
33,56,1
33,57,2
33,58,3
33,60,5
33,61,3
33,64,4
33,66,5
33,69,5
33,73,4
33,77,3
33,78,6
33,82,5
33,83,2
33,85,4
33,91,5
33,93,4
33,95,5
33,102,3
33,103,3
33,106,3
33,109,6
33,111,4
33,113,3
33,118,3
33,121,2
33,122,6
33,125,5
33,127,6
33,129,3
33,131,3
33,132,1
33,133,5
33,134,1
33,137,2
33,138,3
33,142,5
33,146,5
33,149,5
33,151,5
33,154,5
33,157,5
33,158,3
33,161,1
33,162,3
33,163,4
33,167,5
33,170,4
33,171,1
33,172,1
33,178,6
33,179,1
33,180,2
33,184,4
33,188,4
33,191,6
33,202,3
33,204,7
33,205,3
33,207,3
33,209,4
33,211,3
33,214,7
33,218,5
33,221,4
33,224,6
33,227,3
33,229,5
33,231,4
33,235,6
33,246,6
33,247,5
33,253,7
33,256,5
33,257,3
33,263,6
33,265,7
33,268,6
33,272,3
33,277,4
33,281,4
33,286,2
33,287,2
33,293,3
33,302,5
33,308,2
33,312,2
33,313,6
33,320,3
33,321,1
33,324,7
33,326,2
33,329,3
33,331,3
33,336,2
33,343,4
33,344,1
33,347,7
33,353,1
33,356,5
33,358,3
33,369,4
33,371,4
33,376,3
33,385,2
33,386,6
33,391,5
33,398,5
33,412,6
33,422,7
33,424,5
33,429,3
33,430,4
33,435,1
33,437,2
34,3,6
34,10,6
34,14,4
34,17,6
34,23,3
34,24,5
34,25,1
34,27,4
34,29,1
34,30,5
34,31,2
34,32,4
34,37,6
34,45,6
34,52,7
34,59,3
34,62,4
34,65,4
34,66,5
34,71,5
34,77,3
34,80,5
34,86,5
34,89,2
34,93,3
34,94,6
34,95,1
34,97,6
34,101,6
34,103,1
34,107,5
34,114,6
34,117,3
34,121,5
34,125,6
34,128,6
34,131,2
34,135,6
34,142,5
34,145,3
34,149,4
34,152,4
34,153,2
34,157,5
34,163,5
34,170,6
34,177,5
34,184,5
34,191,4
34,198,5
34,205,5
34,212,3
34,218,2
34,219,6
34,225,3
34,228,5
34,230,4
34,240,5
34,242,1
34,248,5
34,249,3
34,252,4
34,255,6
34,261,4
34,262,3
34,267,6
34,272,2
34,277,5
34,282,5
34,289,3
34,294,5
34,297,5
34,301,2
34,304,6
34,308,2
34,311,5
34,316,3
34,317,5
34,323,4
34,325,5
34,327,2
34,331,6
34,339,6
34,342,2
34,345,4
34,350,3
34,353,6
34,361,2
34,364,2
34,366,6
34,368,3
34,378,3
34,380,4
34,382,5
34,383,2
34,387,4
34,388,3
34,395,5
34,401,4
34,408,5
34,411,1
34,415,6
34,423,5
34,424,4
34,426,2
34,430,6
34,436,5
35,8,5
35,14,4
35,22,6
35,27,6
35,57,5
35,63,4
35,70,4
35,84,5
35,91,4
35,98,5
35,113,5
35,121,5
35,128,4
35,138,4
35,156,5
35,171,2
35,178,5
35,182,5
35,189,3
35,202,4
35,212,5
35,238,4
35,253,4
35,279,5
35,296,5
35,308,5
35,320,4
35,327,4
35,335,5
35,350,4
35,366,5
35,373,5
35,383,4
35,399,5
35,406,5
36,1,3
36,7,1
36,8,2
36,13,1
36,19,4
36,21,3
36,24,5
36,26,4
36,28,2
36,29,3
36,34,3
36,35,1
36,36,2
36,38,2
36,40,3
36,41,3
36,42,2
36,43,2
36,45,4
36,47,3
36,48,2
36,49,4
36,50,1
36,52,4
36,56,4
36,57,1
36,62,4
36,63,3
36,64,3
36,65,2
36,67,4
36,68,1
36,69,2
36,70,2
36,71,2
36,72,2
36,76,3
36,77,2
36,78,2
36,82,3
36,83,4
36,84,3
36,85,2
36,86,4
36,88,1
36,91,3
36,92,2
36,93,2
36,96,3
36,97,2
36,100,1
36,104,3
36,106,3
36,107,2
36,108,1
36,110,3
36,111,2
36,112,1
36,113,1
36,114,2
36,118,1
36,119,1
36,122,4
36,124,2
36,125,2
36,126,2
36,127,1
36,128,2
36,131,1
36,132,2
36,133,1
36,134,1
36,135,2
36,137,4
36,140,2
36,141,1
36,145,3
36,147,1
36,148,1
36,152,3
36,153,3
36,155,4
36,160,4
36,166,3
36,167,1
36,168,2
36,169,1
36,170,1
36,173,4
36,174,1
36,180,4
36,181,1
36,183,2
36,187,3
36,188,2
36,190,1
36,191,3
36,194,2
36,195,1
36,198,1
36,211,3
36,215,3
36,217,4
36,218,1
36,221,5
36,224,2
36,225,1
36,232,1
36,239,4
36,243,5
36,244,2
36,248,2
36,258,2
36,260,3
36,261,2
36,275,4
36,281,2
36,286,4
36,290,3
36,293,2
36,301,4
36,302,3
36,303,4
36,307,5
36,308,4
36,313,3
36,314,3
36,319,4
36,320,4
36,322,2
36,323,1
36,327,2
36,329,3
36,330,3
36,331,1
36,333,3
36,334,3
36,336,3
36,337,1
36,339,5
36,340,2
36,342,3
36,343,3
36,344,2
36,349,2
36,351,2
36,353,3
36,356,3
36,360,4
36,361,3
36,362,1
36,363,3
36,365,3
37,1,4
37,6,1
37,9,5
37,16,5
37,20,2
37,23,5
37,27,2
37,30,5
37,34,4
37,37,6
37,41,4
37,44,5
37,48,3
37,51,5
37,55,3
37,58,5
37,65,5
37,69,2
37,72,5
37,76,2
37,79,6
37,83,1
37,86,5
37,90,2
37,93,5
37,97,2
37,100,5
37,104,2
37,107,5
37,111,2
37,114,6
37,121,6
37,125,2
37,128,6
37,132,2
37,135,5
37,139,2
37,142,5
37,146,2
37,149,5
37,153,1
37,156,6
37,163,5
37,167,3
37,170,6
37,174,1
37,177,5
37,181,2
37,183,1
37,184,4
37,188,1
37,191,5
37,195,3
37,198,5
37,202,2
37,205,5
37,209,4
37,212,5
37,216,1
37,219,5
37,223,2
37,226,5
37,230,3
37,233,5
37,237,2
37,240,5
37,244,3
37,247,5
37,251,4
37,254,5
37,258,1
37,261,2
37,265,4
37,272,1
37,275,5
37,279,3
37,282,4
37,286,3
37,289,4
37,293,2
37,296,5
37,300,2
37,303,5
37,307,1
37,310,5
37,314,2
37,317,5
37,321,2
37,324,5
37,328,2
37,331,5
37,342,3
37,345,5
37,349,4
37,352,5
37,356,3
37,359,5
37,363,1
37,366,5
37,370,2
37,373,5
37,377,2
37,380,4
37,384,3
37,386,4
37,391,2
37,394,5
37,398,1
37,405,3
37,408,5
37,412,4
37,415,5
37,419,1
37,422,6
37,426,1
37,429,5
37,433,2
37,436,5
38,2,4
38,3,3
38,8,2
38,18,3
38,20,1
38,21,2
38,24,1
38,26,9
38,30,6
38,32,2
38,34,4
38,41,2
38,42,3
38,46,2
38,52,1
38,53,5
38,55,3
38,60,3
38,62,2
38,65,6
38,73,4
38,74,4
38,76,2
38,79,7
38,82,1
38,83,2
38,84,1
38,85,1
38,90,3
38,97,1
38,101,3
38,102,2
38,104,1
38,110,3
38,111,3
38,115,2
38,116,1
38,118,3
38,122,1
38,125,3
38,130,2
38,135,6
38,137,1
38,144,1
38,146,2
38,148,2
38,153,3
38,160,3
38,163,6
38,164,1
38,167,3
38,173,1
38,174,4
38,193,3
38,198,1
38,200,1
38,202,2
38,205,6
38,207,1
38,209,3
38,213,4
38,216,3
38,219,6
38,220,2
38,221,2
38,224,1
38,226,1
38,230,4
38,234,2
38,237,4
38,240,2
38,244,2
38,246,3
38,251,2
38,258,3
38,261,4
38,263,4
38,265,2
38,275,4
38,277,2
38,279,5
38,284,2
38,286,3
38,289,6
38,296,6
38,300,2
38,307,1
38,314,2
38,317,1
38,318,4
38,319,1
38,321,3
38,324,7
38,326,3
38,335,2
38,340,5
38,342,2
38,349,3
38,351,3
38,352,3
38,354,3
38,356,2
38,363,3
38,366,6
38,370,3
38,373,1
38,374,6
38,375,2
38,377,2
38,380,6
38,381,2
38,382,3
38,387,7
38,388,3
38,391,3
38,398,3
38,401,6
38,405,2
38,407,1
38,412,2
38,416,1
38,419,3
38,422,2
38,423,1
38,425,3
38,426,1
38,429,3
38,430,4
38,432,2
38,433,2
38,436,6
38,438,2
39,8,6
39,29,5
39,40,5
39,49,4
39,56,5
39,71,6
39,85,6
39,92,2
39,99,6
39,108,4
39,113,6
39,127,5
39,134,3
39,141,6
39,154,5
39,177,4
39,183,5
39,197,6
39,206,5
39,210,3
39,218,5
39,227,5
39,232,5
39,243,5
39,257,6
39,278,5
39,288,6
39,297,5
39,308,5
39,322,5
39,343,5
39,357,5
39,372,5
39,395,5
39,407,5
39,416,3
39,421,6
39,435,5
40,6,5
40,11,6
40,17,6
40,19,5
40,23,2
40,24,6
40,30,6
40,36,2
40,37,6
40,44,7
40,51,1
40,52,5
40,57,5
40,58,4
40,60,5
40,65,1
40,66,6
40,72,6
40,97,2
40,98,1
40,99,3
40,101,7
40,106,6
40,109,3
40,115,7
40,121,7
40,126,3
40,131,5
40,132,5
40,137,1
40,140,5
40,142,8
40,147,2
40,148,4
40,152,2
40,156,2
40,159,6
40,165,6
40,170,4
40,173,6
40,177,2
40,179,5
40,183,2
40,186,7
40,191,7
40,196,6
40,200,7
40,206,7
40,216,5
40,219,2
40,220,7
40,223,1
40,229,7
40,231,1
40,234,5
40,245,5
40,253,2
40,260,7
40,263,3
40,265,6
40,266,4
40,267,1
40,268,5
40,271,1
40,275,7
40,282,3
40,283,8
40,285,2
40,291,7
40,293,4
40,295,2
40,298,7
40,304,4
40,310,2
40,311,5
40,317,3
40,319,6
40,326,5
40,332,6
40,333,5
40,339,1
40,340,7
40,351,5
40,353,6
40,360,3
40,361,6
40,365,1
40,366,7
40,372,5
40,375,2
40,376,5
40,382,6
40,387,6
40,436,2
41,2,2
41,5,4
41,10,6
41,14,4
41,17,4
41,29,6
41,36,5
41,44,5
41,48,2
41,49,4
41,50,2
41,51,5
41,52,3
41,54,2
41,55,4
41,56,3
41,59,6
41,61,1
41,64,2
41,69,5
41,74,2
41,77,6
41,80,2
41,84,6
41,88,1
41,91,5
41,94,6
41,97,1
41,99,2
41,101,7
41,105,3
41,108,6
41,111,2
41,112,7
41,115,5
41,118,4
41,120,2
41,121,2
41,123,4
41,126,3
41,127,4
41,134,5
41,138,4
41,141,4
41,142,7
41,147,1
41,149,5
41,154,4
41,160,5
41,166,5
41,171,6
41,176,1
41,178,5
41,186,1
41,188,5
41,194,2
41,195,2
41,196,2
41,199,5
41,204,5
41,208,4
41,212,5
41,213,6
41,225,1
41,231,4
41,240,2
41,241,2
41,248,4
41,251,2
41,252,5
41,260,6
41,267,8
41,272,5
41,276,5
41,283,5
41,285,1
41,287,6
41,290,3
41,293,1
41,302,5
41,307,5
41,316,7
41,320,1
41,325,3
41,328,1
41,335,3
41,340,6
41,342,5
41,343,1
41,344,3
41,347,1
41,351,4
41,357,4
41,359,5
41,365,1
41,366,6
41,367,4
41,369,2
41,372,5
41,377,2
41,378,1
41,379,5
41,386,6
41,388,5
41,390,3
41,395,4
41,400,5
41,405,6
41,408,2
41,411,3
41,412,4
41,414,3
41,415,4
41,418,1
41,420,2
41,421,6
41,422,1
41,424,1
41,426,2
41,427,4
41,429,6
41,430,4
41,431,7
41,433,6
41,436,5
41,437,7
41,438,3
42,2,6
42,9,3
42,14,2
42,19,2
42,20,2
42,24,6
42,25,5
42,33,5
42,54,4
42,59,4
42,75,5
42,77,3
42,81,6
42,83,2
42,91,2
42,95,5
42,96,3
42,105,2
42,116,3
42,123,6
42,129,3
42,136,5
42,137,2
42,148,4
42,149,2
42,158,6
42,161,6
42,167,2
42,178,6
42,186,3
42,197,5
42,220,4
42,221,5
42,224,5
42,238,4
42,253,3
42,260,5
42,266,4
42,297,1
42,306,4
42,325,5
42,326,6
42,335,5
42,338,3
42,357,1
42,366,7
42,373,3
42,380,5
42,394,6
42,402,4
42,405,1
42,408,3
42,420,1
42,428,5
43,2,2
43,6,5
43,13,3
43,19,5
43,23,6
43,24,4
43,27,4
43,31,5
43,37,1
43,44,5
43,47,5
43,54,5
43,57,7
43,58,2
43,60,5
43,62,5
43,67,5
43,68,3
43,76,5
43,82,5
43,89,4
43,90,3
43,92,5
43,93,3
43,94,5
43,95,4
43,98,2
43,103,5
43,113,5
43,120,4
43,121,5
43,125,5
43,129,3
43,132,5
43,143,5
43,144,1
43,145,2
43,153,5
43,155,5
43,163,4
43,165,2
43,173,4
43,180,4
43,186,1
43,189,5
43,191,4
43,194,3
43,197,4
43,199,3
43,201,6
43,208,5
43,213,3
43,215,4
43,222,5
43,223,1
43,230,6
43,243,5
43,247,5
43,260,7
43,263,5
43,267,3
43,272,5
43,275,3
43,279,3
43,282,5
43,289,4
43,292,6
43,300,5
43,313,3
43,321,5
43,327,5
43,334,4
43,335,2
43,336,1
43,343,1
43,353,7
43,355,5
43,363,5
43,365,3
44,5,4
44,8,4
44,12,1
44,17,5
44,24,4
44,31,7
44,39,3
44,43,3
44,46,2
44,49,6
44,53,1
44,57,5
44,59,5
44,61,6
44,66,1
44,68,6
44,73,3
44,78,3
44,79,1
44,80,4
44,85,4
44,86,4
44,89,5
44,91,1
44,93,3
44,95,3
44,98,2
44,103,4
44,105,4
44,109,4
44,115,2
44,118,4
44,120,5
44,126,1
44,129,2
44,132,3
44,136,3
44,137,5
44,146,3
44,147,4
44,151,5
44,154,3
44,155,6
44,157,2
44,158,3
44,162,3
44,165,5
44,172,5
44,173,2
44,176,2
44,179,4
44,180,4
44,185,3
44,187,3
44,190,5
44,193,6
44,195,4
44,196,3
44,199,2
44,201,4
44,207,7
44,214,5
44,221,5
44,224,2
44,227,3
44,229,5
44,231,3
44,235,4
44,239,2
44,240,4
44,242,6
44,249,6
44,253,2
44,257,5
44,273,2
44,280,5
44,283,3
44,284,4
44,289,6
44,297,5
44,304,2
44,309,4
44,315,1
44,319,4
44,320,4
44,330,3
44,334,4
44,336,4
44,340,4
44,347,5
44,354,6
44,358,1
44,359,2
44,362,5
44,367,3
44,372,7
44,390,6
44,392,3
44,393,7
44,403,5
44,404,4
44,409,6
44,410,6
44,422,2
44,426,2
44,430,1
44,431,5
45,3,5
45,8,3
45,10,4
45,17,5
45,22,4
45,24,4
45,29,3
45,31,4
45,38,5
45,43,5
45,50,3
45,52,4
45,57,4
45,59,5
45,62,3
45,65,5
45,71,4
45,73,3
45,78,4
45,85,4
45,87,5
45,94,5
45,99,3
45,101,5
45,106,1
45,108,4
45,113,5
45,115,4
45,122,4
45,123,1
45,129,4
45,134,4
45,140,3
45,143,5
45,150,4
45,154,4
45,157,4
45,161,1
45,164,5
45,170,4
45,178,6
45,184,4
45,185,4
45,192,5
45,198,5
45,205,5
45,212,5
45,217,4
45,220,6
45,227,4
45,234,5
45,248,6
45,253,5
45,255,5
45,259,4
45,262,6
45,268,5
45,282,5
45,288,3
45,290,5
45,297,5
45,304,5
45,311,5
45,316,2
45,318,4
45,325,5
45,332,5
45,338,5
45,344,2
45,346,5
45,353,5
45,360,5
45,367,5
45,374,5
45,381,5
45,388,4
45,395,5
45,402,5
45,409,5
45,414,3
45,416,4
45,423,5
45,430,5
45,437,5
46,1,5
46,10,5
46,38,6
46,59,6
46,66,4
46,95,6
46,101,6
46,108,6
46,122,6
46,206,6
46,213,6
46,220,5
46,234,6
46,283,6
46,318,5
46,325,5
46,332,5
46,339,5
46,360,6
46,367,5
46,375,5
46,381,5
46,402,5
46,416,5
46,422,5
46,431,5
46,437,5
47,7,6
47,13,6
47,21,6
47,41,6
47,49,6
47,55,6
47,62,6
47,69,6
47,77,6
47,83,6
47,89,6
47,100,6
47,104,5
47,111,6
47,126,6
47,135,5
47,142,6
47,148,6
47,155,6
47,167,6
47,174,6
47,189,6
47,195,5
47,202,6
47,210,5
47,217,5
47,230,6
47,237,6
47,240,5
47,250,5
47,254,4
47,258,6
47,282,7
47,293,5
47,301,6
47,310,5
47,320,6
47,329,6
47,335,6
47,349,6
47,357,6
47,369,6
47,376,6
47,383,5
47,398,6
47,408,3
47,411,6
47,418,6
47,432,6
48,2,4
48,3,5
48,11,6
48,22,7
48,31,6
48,33,4
48,35,1
48,59,5
48,64,3
48,71,3
48,85,5
48,89,2
48,92,4
48,95,3
48,110,2
48,115,4
48,133,2
48,135,5
48,143,5
48,170,3
48,173,3
48,174,3
48,206,4
48,231,2
48,232,7
48,241,5
48,248,5
48,258,6
48,265,5
48,267,4
48,268,3
48,277,5
48,279,3
48,283,3
48,293,3
48,300,4
48,301,1
48,304,4
48,312,4
48,315,4
48,318,1
48,326,2
48,327,5
48,328,5
48,334,4
48,336,1
48,338,4
48,343,1
48,344,4
48,345,4
48,349,2
48,362,4
48,364,3
48,366,3
48,373,4
48,377,5
48,391,4
48,415,5
48,424,5
48,426,4
48,427,4
48,432,4
48,433,1
48,435,3
48,437,1
49,1,2
49,2,2
49,3,3
49,5,5
49,6,1
49,7,3
49,9,1
49,10,3
49,11,4
49,12,2
49,13,1
49,14,1
49,15,1
49,16,1
49,17,4
49,18,1
49,19,1
49,20,1
49,21,1
49,22,1
49,23,5
49,24,4
49,25,2
49,28,3
49,30,2
49,31,1
49,32,3
49,33,2
49,34,2
49,35,1
49,36,4
49,37,1
49,38,2
49,39,1
49,40,1
49,41,4
49,42,1
49,43,2
49,46,3
49,48,2
49,49,2
49,51,3
49,52,1
49,53,3
49,54,1
49,56,2
49,58,1
49,59,2
49,61,5
49,62,1
49,63,1
49,66,1
49,67,3
49,69,2
49,72,2
49,73,2
49,74,3
49,75,2
49,76,3
49,77,2
49,78,1
49,79,6
49,80,2
49,81,1
49,82,2
49,83,2
49,84,1
49,85,2
49,86,6
49,87,2
49,88,1
49,89,2
49,90,2
49,91,1
49,92,1
49,93,1
49,94,3
49,95,4
49,96,2
49,97,2
49,98,2
49,99,2
49,100,1
49,101,2
49,102,2
49,103,1
49,104,1
49,105,1
49,106,1
49,107,1
49,108,4
49,109,2
49,111,2
49,112,2
49,113,1
49,114,1
49,115,1
49,116,2
49,117,2
49,118,2
49,119,4
49,120,2
49,121,2
49,122,3
49,124,2
49,125,1
49,126,2
49,127,1
49,129,3
49,132,2
49,133,1
49,135,1
49,137,2
49,138,1
49,139,1
49,141,1
49,142,3
49,145,3
49,147,2
49,148,2
49,150,3
49,151,2
49,152,2
49,155,3
49,157,3
49,158,2
49,159,1
49,160,1
49,161,2
49,162,1
49,163,2
49,164,2
49,166,1
49,168,2
49,169,3
49,171,2
49,172,2
49,173,1
49,174,4
49,175,1
49,176,2
49,177,4
49,179,2
49,181,3
49,182,3
49,183,6
49,185,3
49,186,3
49,190,3
49,191,3
49,192,3
49,193,2
49,194,2
49,195,1
49,196,2
49,197,3
49,198,6
49,199,2
49,200,2
49,201,3
49,202,1
49,205,1
49,206,3
49,207,3
49,208,3
49,209,1
49,210,1
49,211,6
49,212,1
49,213,3
49,216,2
49,220,2
49,221,2
49,222,2
49,223,2
49,225,2
49,228,2
49,229,2
49,230,1
49,231,1
49,233,4
49,234,4
49,236,2
49,237,3
49,238,2
49,239,2
49,240,1
49,241,2
49,242,4
49,243,1
49,244,1
49,245,6
49,246,1
49,248,2
49,249,3
49,251,1
49,252,2
49,253,2
49,255,1
49,256,1
49,257,2
49,258,2
49,262,3
49,263,2
49,265,5
49,271,2
49,272,2
49,273,5
49,277,2
49,278,2
49,281,3
49,282,2
49,283,2
49,284,1
49,287,1
49,288,3
49,289,1
49,291,4
49,292,1
49,293,2
49,295,1
49,296,1
49,297,4
49,298,1
49,299,1
49,300,1
49,301,1
49,304,2
49,305,3
49,306,3
49,308,1
49,311,4
49,312,3
49,313,1
49,314,5
49,315,3
49,317,1
49,318,1
49,319,2
49,320,1
49,321,1
49,322,1
49,324,2
49,325,2
49,326,1
49,328,2
49,330,2
49,332,1
49,333,3
49,334,1
49,336,6
49,337,1
49,338,2
49,339,2
49,340,2
49,341,2
49,343,1
49,345,1
49,347,3
49,348,2
49,349,2
49,350,1
49,352,1
49,353,3
49,354,3
49,356,1
49,357,3
49,358,2
49,360,3
49,361,2
49,363,2
49,364,1
49,366,1
49,367,2
49,368,3
49,369,1
49,370,1
49,371,5
49,373,6
49,374,2
49,376,2
49,377,1
49,380,2
49,382,2
49,385,2
49,387,1
49,390,2
49,392,3
49,393,1
49,394,1
49,395,3
49,396,1
49,397,2
49,399,1
49,401,1
49,402,4
49,403,1
49,404,5
49,405,5
49,406,5
49,407,4
49,408,6
49,412,5
49,414,6
49,416,1
49,417,2
49,418,6
49,419,1
49,420,6
49,422,5
49,423,2
49,425,3
49,426,6
49,427,2
49,428,1
49,429,2
49,430,3
49,431,2
49,432,6
49,433,1
49,434,5
49,435,1
49,436,5
49,437,1
49,438,2
50,1,3
50,7,2
50,8,3
50,12,1
50,19,3
50,33,5
50,42,2
50,44,2
50,49,5
50,54,5
50,63,3
50,64,1
50,67,1
50,72,2
50,81,5
50,85,1
50,90,3
50,91,3
50,92,2
50,99,5
50,112,1
50,113,5
50,116,2
50,120,5
50,128,6
50,132,3
50,135,6
50,136,1
50,146,2
50,159,2
50,162,3
50,166,2
50,193,9
50,198,6
50,200,3
50,205,2
50,207,1
50,212,5
50,216,2
50,219,2
50,244,4
50,259,4
50,261,5
50,262,3
50,264,7
50,268,3
50,273,4
50,279,4
50,280,1
50,281,6
50,292,3
50,294,5
50,299,2
50,306,5
50,312,3
50,315,3
50,320,4
50,327,6
50,344,2
50,352,4
50,355,6
50,359,2
50,373,3
50,376,2
50,378,2
50,379,2
50,380,5
50,392,2
50,394,5
50,395,7
50,404,2
50,406,5
50,410,6
50,418,4
50,424,3
50,428,2
50,431,6
50,433,4
51,3,5
51,6,5
51,10,4
51,13,3
51,16,4
51,17,6
51,19,2
51,20,2
51,22,1
51,25,4
51,26,2
51,29,2
51,30,3
51,32,5
51,35,2
51,37,4
51,40,6
51,42,2
51,45,4
51,47,5
51,50,4
51,52,5
51,53,4
51,55,2
51,57,2
51,59,5
51,60,3
51,62,2
51,63,3
51,66,5
51,70,3
51,71,2
51,73,4
51,76,1
51,79,3
51,80,3
51,82,5
51,85,1
51,86,3
51,88,6
51,90,4
51,91,1
51,92,4
51,97,6
51,99,5
51,100,2
51,102,3
51,103,2
51,106,5
51,107,4
51,110,6
51,114,1
51,116,7
51,122,4
51,124,5
51,125,4
51,126,6
51,129,4
51,130,4
51,132,6
51,135,4
51,138,5
51,140,2
51,141,1
51,142,5
51,145,6
51,148,3
51,153,6
51,154,5
51,155,1
51,157,2
51,158,4
51,159,3
51,160,5
51,161,1
51,163,4
51,167,5
51,168,5
51,170,4
51,171,4
51,173,4
51,174,1
51,175,2
51,177,5
51,178,3
51,179,4
51,180,3
51,181,1
51,184,5
51,185,5
51,188,1
51,190,1
51,191,4
51,193,3
51,195,2
51,196,6
51,197,5
51,198,4
51,199,3
51,201,2
51,202,2
51,204,3
51,205,6
51,206,1
51,209,2
51,210,5
51,212,5
51,213,5
51,215,2
51,216,4
51,218,5
51,219,1
51,222,4
51,224,5
51,226,4
51,229,1
51,230,1
51,231,3
51,233,4
51,236,6
51,237,3
51,238,1
51,239,6
51,241,4
51,242,4
51,243,1
51,246,5
51,247,3
51,248,1
51,249,1
51,250,4
51,252,2
51,253,2
51,254,4
51,255,5
51,258,3
51,259,3
51,260,3
51,261,5
51,264,3
51,266,7
51,268,2
51,270,2
51,272,3
51,273,3
51,274,2
51,278,5
51,279,3
51,284,3
51,287,1
51,289,5
51,290,4
51,292,6
51,294,3
51,296,5
51,300,6
51,302,5
51,303,3
51,307,2
51,308,7
51,309,3
51,310,3
51,311,3
51,314,5
51,315,6
51,317,5
51,318,2
51,320,2
51,321,2
51,324,2
51,327,6
51,328,6
51,329,2
51,331,3
51,332,2
51,334,1
51,338,2
51,339,5
51,341,5
51,342,2
51,345,5
51,348,2
51,350,3
51,351,1
51,352,4
51,354,6
51,355,5
51,356,1
51,357,2
51,358,2
51,359,2
51,360,3
51,362,6
51,363,5
51,365,2
51,366,3
51,368,3
51,369,6
51,371,1
51,372,2
51,373,3
51,374,5
51,381,5
51,384,6
51,385,2
51,387,6
51,390,4
51,392,7
51,393,2
51,394,3
51,395,1
51,397,5
51,398,3
51,400,1
51,401,3
51,403,3
51,404,2
51,405,4
51,406,4
51,407,5
51,408,2
51,409,6
51,412,3
51,413,1
51,415,2
51,416,5
51,418,4
51,419,6
51,421,3
51,422,1
51,423,5
51,424,2
51,428,5
51,429,5
51,432,5
51,433,4
51,435,2
51,436,1
52,19,4
52,25,8
52,46,8
52,52,7
52,57,6
52,59,7
52,80,7
52,94,7
52,98,6
52,107,2
52,115,7
52,117,7
52,134,6
52,150,7
52,154,6
52,164,4
52,218,7
52,223,6
52,244,8
52,264,6
52,265,8
52,274,7
52,307,5
52,320,7
52,336,8
52,350,6
52,378,8
52,391,7
52,407,7
52,419,4
52,428,8
53,1,6
53,2,4
53,3,4
53,5,5
53,9,6
53,14,6
53,15,5
53,16,3
53,18,3
53,22,5
53,26,4
53,29,5
53,33,4
53,34,4
53,43,7
53,50,5
53,52,5
53,56,4
53,58,1
53,65,6
53,66,6
53,70,6
53,77,5
53,92,7
53,98,6
53,99,4
53,100,2
53,101,1
53,105,6
53,108,3
53,113,6
53,120,6
53,127,6
53,134,5
53,136,5
53,140,5
53,143,3
53,149,5
53,155,5
53,162,5
53,163,4
53,168,5
53,170,1
53,175,6
53,176,5
53,183,6
53,184,1
53,190,5
53,191,6
53,197,5
53,205,5
53,212,5
53,214,6
53,218,4
53,224,7
53,228,4
53,232,4
53,237,3
53,238,2
53,242,6
53,247,5
53,253,5
53,255,4
53,260,4
53,266,6
53,268,3
53,274,6
53,278,6
53,279,6
53,282,2
53,284,3
53,285,3
53,287,4
53,292,5
53,294,6
53,301,6
53,309,5
53,317,5
53,318,1
53,322,7
53,331,7
53,338,6
53,344,6
53,347,6
53,351,4
53,358,5
53,365,6
53,372,5
53,378,7
53,385,5
53,387,1
53,393,5
53,397,1
53,398,5
53,403,6
53,406,6
53,408,7
53,414,7
53,417,5
53,421,6
53,429,4
54,1,6
54,5,1
54,6,2
54,8,1
54,9,3
54,10,3
54,12,2
54,15,5
54,16,2
54,20,1
54,21,1
54,22,4
54,24,3
54,27,1
54,33,4
54,37,3
54,38,1
54,40,4
54,49,3
54,51,5
54,52,2
54,56,1
54,58,4
54,59,2
54,61,3
54,63,1
54,64,3
54,66,5
54,70,1
54,71,2
54,72,4
54,73,1
54,75,2
54,79,3
54,81,2
54,82,2
54,83,2
54,85,3
54,86,5
54,87,3
54,92,6
54,93,1
54,94,3
54,95,2
54,96,2
54,97,1
54,99,4
54,101,3
54,103,2
54,104,1
54,107,1
54,108,2
54,111,4
54,112,3
54,113,2
54,114,3
54,115,1
54,117,1
54,122,2
54,128,4
54,129,7
54,131,3
54,133,1
54,137,2
54,138,2
54,140,3
54,141,2
54,153,1
54,154,1
54,167,4
54,169,2
54,170,5
54,171,2
54,176,3
54,177,3
54,180,2
54,184,2
54,188,1
54,189,1
54,190,4
54,194,2
54,196,1
54,197,1
54,204,1
54,206,1
54,209,2
54,212,4
54,213,4
54,215,1
54,226,2
54,230,3
54,233,3
54,239,2
54,240,3
54,246,1
54,248,7
54,251,5
54,255,6
54,261,1
54,265,6
54,267,3
54,275,5
54,283,5
54,292,2
54,296,4
54,307,3
54,311,4
54,314,3
54,315,1
54,316,1
54,317,3
54,321,2
54,330,2
54,331,3
54,332,3
54,338,4
54,343,1
54,344,5
54,345,2
54,346,5
54,350,1
54,364,1
54,374,2
54,410,3
54,418,1
54,424,1
54,436,4
55,3,5
55,4,4
55,7,4
55,24,6
55,32,5
55,38,6
55,40,4
55,42,5
55,45,6
55,50,5
55,70,5
55,77,4
55,80,6
55,85,7
55,90,6
55,97,5
55,101,6
55,109,6
55,111,5
55,114,2
55,125,5
55,128,2
55,132,5
55,138,6
55,144,3
55,151,5
55,156,4
55,157,4
55,159,4
55,166,6
55,169,6
55,171,3
55,180,6
55,184,5
55,192,6
55,195,4
55,200,6
55,203,3
55,210,6
55,214,5
55,221,7
55,229,5
55,231,5
55,241,7
55,253,7
55,259,6
55,274,6
55,281,6
55,288,6
55,291,5
55,299,5
55,300,2
55,306,5
55,309,6
55,318,6
55,322,5
55,326,6
55,329,3
55,333,7
55,341,6
55,351,5
55,354,5
55,358,4
55,362,6
55,372,6
55,392,5
55,398,6
55,405,6
55,414,5
55,418,6
55,421,7
55,430,7
55,432,6
55,434,4
55,437,7
56,14,5
56,24,4
56,32,4
56,40,3
56,50,4
56,63,4
56,66,3
56,75,4
56,82,4
56,96,4
56,103,2
56,107,4
56,120,3
56,128,4
56,131,1
56,138,4
56,142,2
56,145,3
56,152,1
56,156,4
56,172,4
56,181,4
56,185,3
56,191,4
56,205,4
56,209,4
56,217,5
56,223,4
56,229,3
56,233,3
56,245,3
56,252,4
56,257,6
56,264,4
56,273,2
56,274,6
56,285,3
56,299,4
56,328,4
56,332,4
56,341,3
56,345,5
56,355,2
56,362,3
56,366,2
56,376,4
56,385,4
56,392,3
56,401,5
56,408,3
56,413,4
56,420,5
56,429,4
56,436,5
57,6,6
57,7,6
57,10,6
57,11,5
57,14,4
57,17,5
57,20,1
57,21,6
57,26,6
57,27,6
57,28,4
57,33,7
57,35,7
57,37,4
57,40,5
57,47,6
57,54,7
57,59,4
57,61,5
57,64,1
57,67,1
57,68,7
57,72,3
57,75,6
57,80,6
57,82,7
57,84,2
57,85,6
57,87,5
57,89,5
57,94,6
57,96,4
57,98,2
57,99,6
57,102,6
57,103,2
57,106,6
57,107,1
57,110,6
57,113,5
57,117,4
57,119,2
57,121,3
57,122,6
57,131,7
57,136,4
57,143,6
57,150,7
57,152,3
57,156,4
57,159,5
57,160,2
57,162,2
57,166,6
57,169,2
57,173,6
57,174,3
57,181,6
57,187,6
57,188,4
57,191,1
57,194,6
57,201,6
57,202,3
57,206,3
57,211,6
57,215,6
57,216,2
57,222,6
57,229,7
57,230,6
57,231,3
57,232,4
57,236,6
57,243,8
57,247,3
57,250,6
57,257,6
57,264,7
57,268,3
57,273,7
57,279,6
57,285,7
57,292,6
57,300,7
57,302,2
57,306,6
57,311,3
57,313,6
57,315,4
57,320,6
57,324,5
57,328,6
57,332,4
57,335,6
57,341,6
57,346,5
57,348,6
57,350,3
57,353,1
57,355,7
57,357,4
57,360,3
57,362,6
57,363,5
57,367,4
57,369,6
57,371,4
57,376,6
57,381,4
57,387,4
57,390,7
57,394,4
57,399,4
57,405,3
57,411,6
57,418,7
57,424,6
57,432,7
57,433,3
57,435,2
58,3,5
58,25,5
58,28,6
58,30,4
58,36,4
58,40,5
58,42,4
58,45,2
58,49,4
58,55,3
58,57,4
58,64,5
58,72,6
58,89,5
58,94,5
58,96,4
58,104,6
58,105,3
58,106,3
58,107,2
58,113,5
58,115,2
58,125,2
58,127,5
58,134,8
58,145,3
58,153,6
58,154,2
58,155,2
58,167,5
58,168,4
58,169,2
58,181,5
58,189,7
58,195,5
58,199,5
58,202,2
58,205,4
58,211,4
58,214,2
58,227,6
58,233,5
58,234,3
58,239,4
58,250,7
58,259,3
58,261,5
58,277,4
58,282,6
58,290,5
58,295,6
58,301,5
58,307,4
58,313,4
58,314,1
58,316,4
58,320,9
58,323,5
58,332,4
58,338,6
58,347,4
58,356,6
58,362,6
58,364,3
58,374,5
58,379,6
58,381,4
58,392,3
58,412,5
58,414,2
58,421,6
58,427,5
59,1,5
59,7,5
59,15,5
59,21,4
59,22,5
59,29,5
59,37,5
59,43,5
59,49,6
59,57,4
59,58,2
59,64,5
59,69,4
59,70,5
59,78,6
59,85,5
59,91,6
59,98,6
59,105,5
59,114,4
59,120,4
59,134,6
59,141,5
59,148,5
59,153,5
59,160,4
59,162,5
59,169,6
59,180,4
59,183,6
59,191,5
59,197,6
59,204,6
59,211,6
59,217,5
59,219,2
59,225,5
59,229,4
59,232,5
59,237,5
59,239,2
59,246,4
59,251,5
59,254,6
59,273,4
59,274,5
59,281,4
59,288,5
59,289,4
59,292,3
59,295,5
59,302,6
59,310,5
59,316,6
59,323,5
59,329,5
59,337,6
59,351,5
59,358,5
59,359,2
59,365,5
59,373,5
59,379,5
59,386,5
59,393,5
59,401,5
59,402,5
59,407,6
59,414,5
59,418,5
59,421,5
59,429,4
59,435,5
60,1,5
60,2,5
60,3,7
60,6,5
60,11,6
60,17,6
60,21,4
60,24,6
60,25,5
60,26,3
60,31,6
60,36,6
60,37,5
60,45,7
60,47,3
60,49,3
60,53,7
60,58,5
60,62,2
60,66,5
60,67,7
60,73,3
60,74,7
60,80,4
60,81,6
60,82,5
60,88,7
60,92,3
60,95,7
60,101,3
60,102,6
60,106,1
60,109,6
60,116,6
60,117,4
60,123,4
60,126,2
60,128,5
60,132,5
60,138,3
60,141,4
60,144,7
60,147,5
60,149,5
60,152,6
60,154,5
60,159,6
60,160,4
60,165,6
60,169,3
60,170,3
60,172,6
60,174,1
60,179,7
60,185,5
60,188,2
60,190,3
60,192,6
60,193,3
60,200,5
60,204,5
60,206,2
60,207,6
60,211,3
60,212,5
60,216,5
60,217,4
60,220,7
60,221,2
60,228,1
60,232,6
60,234,3
60,237,4
60,247,6
60,253,1
60,257,6
60,261,3
60,263,7
60,264,4
60,265,7
60,267,5
60,271,5
60,274,6
60,280,2
60,283,5
60,284,1
60,291,1
60,292,4
60,297,4
60,300,6
60,303,5
60,304,6
60,305,4
60,312,3
60,315,4
60,317,6
60,322,6
60,326,4
60,333,7
60,338,6
60,340,1
60,344,5
60,345,6
60,353,6
60,355,5
60,356,4
60,360,7
60,368,6
60,370,5
60,374,6
60,382,2
60,383,6
60,384,4
60,387,7
60,393,5
60,396,4
60,402,7
60,406,3
60,411,6
60,418,6
60,422,7
60,424,5
60,431,6
60,436,5
60,437,7
61,1,4
61,5,3
61,7,3
61,8,3
61,9,3
61,12,4
61,13,3
61,14,2
61,16,1
61,17,2
61,19,6
61,20,3
61,21,3
61,24,2
61,26,2
61,27,4
61,28,2
61,29,4
61,30,3
61,32,1
61,33,3
61,34,4
61,35,1
61,36,2
61,37,4
61,38,5
61,39,3
61,40,4
61,41,3
61,43,2
61,44,5
61,47,6
61,48,5
61,49,2
61,51,6
61,53,1
61,54,5
61,55,2
61,58,5
61,59,2
61,61,3
61,62,6
61,63,2
61,64,2
61,65,2
61,66,2
61,68,6
61,70,1
61,71,1
61,72,2
61,73,1
61,74,2
61,76,2
61,78,2
61,80,1
61,82,3
61,83,2
61,84,3
61,85,1
61,86,1
61,87,2
61,89,6
61,91,3
61,92,3
61,93,3
61,94,1
61,97,2
61,100,5
61,102,1
61,103,5
61,105,3
61,106,4
61,107,2
61,109,2
61,110,3
61,114,2
61,115,4
61,119,2
61,120,2
61,124,2
61,125,3
61,126,2
61,128,2
61,130,2
61,131,6
61,132,4
61,135,7
61,136,1
61,138,3
61,140,4
61,142,2
61,143,4
61,145,6
61,146,2
61,147,2
61,148,3
61,149,5
61,150,2
61,152,2
61,153,4
61,155,6
61,156,3
61,157,1
61,159,3
61,160,6
61,163,3
61,164,4
61,165,1
61,166,3
61,167,6
61,168,2
61,169,2
61,170,3
61,173,5
61,174,2
61,175,5
61,177,4
61,178,1
61,180,6
61,182,4
61,183,3
61,184,5
61,186,5
61,187,4
61,188,5
61,189,2
61,190,2
61,191,7
61,193,5
61,194,5
61,195,4
61,196,5
61,197,3
61,198,3
61,199,5
61,201,5
61,202,5
61,203,6
61,204,1
61,205,2
61,208,4
61,209,7
61,210,4
61,211,3
61,212,6
61,213,6
61,215,2
61,216,7
61,217,4
61,218,3
61,219,7
61,220,6
61,224,6
61,226,2
61,228,2
61,229,2
61,230,5
61,231,6
61,232,6
61,235,6
61,240,2
61,241,5
61,243,5
61,244,1
61,245,2
61,246,3
61,247,7
61,251,4
61,253,6
61,260,2
61,264,7
61,266,6
61,267,6
61,268,7
61,274,5
61,276,1
61,280,6
61,283,5
61,285,5
61,286,4
61,287,6
61,288,2
61,291,6
61,294,5
61,295,4
61,296,3
61,301,5
61,303,5
61,304,6
61,309,6
61,312,3
61,313,3
61,315,1
61,322,4
61,325,3
61,331,6
61,335,4
61,336,5
61,343,3
61,344,5
61,347,5
61,350,4
61,354,5
61,360,3
61,362,4
61,364,3
61,371,2
61,378,5
61,383,5
61,385,2
61,389,3
61,392,4
61,395,5
61,402,5
61,405,4
61,406,3
61,416,5
61,420,5
61,425,2
61,427,2
61,428,4
61,431,5
61,433,3
61,435,5
61,437,4
62,1,6
62,2,2
62,6,1
62,8,4
62,11,3
62,12,1
62,14,1
62,15,4
62,18,1
62,19,2
62,21,1
62,22,5
62,24,4
62,25,2
62,28,3
62,29,5
62,32,1
62,33,5
62,36,5
62,39,2
62,40,4
62,42,1
62,43,5
62,45,1
62,46,3
62,47,2
62,49,3
62,50,4
62,53,2
62,56,2
62,57,4
62,59,5
62,63,5
62,66,1
62,67,4
62,70,1
62,71,3
62,73,1
62,74,1
62,75,3
62,76,3
62,77,1
62,78,4
62,80,1
62,81,3
62,82,2
62,84,1
62,85,3
62,88,2
62,90,2
62,91,2
62,92,3
62,95,1
62,98,1
62,99,5
62,100,1
62,101,3
62,102,2
62,103,1
62,104,3
62,105,1
62,106,4
62,113,5
62,114,1
62,116,1
62,118,1
62,120,4
62,122,1
62,123,4
62,124,1
62,126,5
62,130,1
62,131,1
62,133,2
62,134,4
62,135,2
62,138,1
62,141,4
62,144,1
62,147,1
62,148,4
62,149,1
62,150,2
62,151,2
62,152,1
62,157,1
62,158,1
62,159,1
62,161,3
62,162,2
62,164,4
62,165,2
62,166,1
62,168,1
62,169,4
62,171,2
62,172,1
62,173,3
62,175,1
62,176,4
62,179,2
62,180,1
62,182,3
62,183,4
62,184,2
62,185,4
62,186,3
62,187,1
62,189,1
62,190,5
62,191,1
62,193,2
62,194,1
62,196,1
62,197,1
62,199,4
62,200,2
62,201,5
62,203,1
62,204,2
62,207,2
62,208,1
62,209,1
62,211,2
62,212,1
62,214,3
62,215,1
62,217,2
62,218,3
62,222,1
62,224,1
62,225,4
62,227,1
62,228,2
62,229,2
62,231,1
62,232,4
62,233,2
62,235,2
62,236,3
62,238,1
62,239,1
62,241,1
62,242,2
62,243,1
62,245,1
62,246,4
62,248,4
62,250,1
62,252,2
62,253,6
62,256,2
62,257,1
62,260,5
62,261,1
62,262,1
62,263,4
62,264,3
62,266,1
62,267,3
62,274,4
62,275,1
62,277,3
62,278,1
62,279,1
62,280,1
62,281,4
62,284,3
62,285,1
62,286,1
62,287,3
62,288,3
62,290,1
62,291,1
62,292,1
62,294,3
62,295,3
62,298,1
62,299,2
62,300,1
62,301,2
62,302,3
62,305,2
62,307,1
62,308,1
62,309,4
62,312,2
62,315,1
62,316,4
62,319,3
62,323,3
62,326,2
62,327,2
62,329,1
62,330,4
62,333,2
62,334,1
62,337,4
62,338,1
62,340,2
62,344,4
62,347,3
62,350,2
62,351,5
62,353,1
62,354,3
62,355,2
62,358,5
62,361,2
62,362,2
62,364,1
62,365,3
62,366,2
62,368,1
62,369,1
62,371,1
62,372,6
62,375,2
62,378,3
62,379,3
62,382,3
62,383,1
62,385,5
62,386,5
62,390,3
62,392,2
62,393,3
62,396,2
62,399,1
62,400,3
62,403,2
62,404,1
62,406,1
62,407,3
62,410,2
62,411,1
62,413,2
62,414,5
62,415,1
62,417,1
62,418,1
62,420,2
62,421,5
62,428,3
62,431,2
62,432,1
62,434,2
62,435,2
62,436,1
62,438,2
63,1,3
63,12,4
63,27,1
63,32,6
63,36,3
63,38,5
63,42,7
63,57,7
63,67,3
63,68,5
63,71,5
63,77,4
63,88,5
63,90,2
63,93,4
63,104,4
63,113,1
63,114,8
63,122,7
63,124,3
63,128,7
63,135,7
63,141,7
63,142,3
63,147,3
63,152,7
63,154,2
63,156,1
63,158,5
63,164,7
63,167,3
63,177,7
63,181,4
63,183,6
63,187,3
63,191,7
63,194,2
63,206,1
63,211,3
63,213,7
63,215,4
63,237,3
63,239,8
63,244,4
63,250,7
63,254,7
63,256,4
63,263,2
63,265,6
63,273,8
63,275,2
63,281,3
63,288,8
63,307,4
63,314,2
63,320,5
63,323,3
63,324,7
63,331,6
63,336,5
63,341,2
63,346,8
63,359,6
63,363,5
63,368,4
63,374,4
63,378,2
63,379,8
63,383,3
63,388,7
63,390,5
63,410,6
63,411,8
63,418,3
63,425,5
63,429,8
64,21,7
64,28,6
64,38,5
64,45,4
64,48,7
64,55,6
64,61,4
64,63,2
64,66,4
64,69,6
64,71,1
64,77,6
64,80,6
64,86,7
64,94,6
64,101,7
64,102,8
64,104,5
64,106,7
64,110,7
64,115,6
64,117,5
64,118,7
64,125,4
64,129,7
64,130,4
64,132,7
64,160,5
64,213,5
64,214,7
64,215,4
64,221,7
64,227,3
64,231,6
64,234,3
64,244,1
64,246,2
64,248,8
64,254,6
64,259,7
64,262,8
64,264,7
64,268,8
64,272,8
64,274,8
64,279,5
64,281,5
64,283,4
64,290,4
64,296,6
64,307,5
64,309,3
64,317,7
64,322,4
64,324,1
64,331,2
64,334,5
64,337,4
64,341,4
64,347,3
64,353,4
64,366,3
64,374,6
64,385,2
64,388,2
64,395,3
64,403,3
64,407,1
64,408,2
64,419,1
64,421,2
64,435,3
65,1,6
65,2,5
65,7,5
65,10,5
65,13,7
65,15,2
65,16,4
65,17,7
65,19,6
65,21,4
65,24,4
65,27,6
65,30,4
65,31,7
65,32,3
65,34,1
65,37,4
65,38,6
65,41,5
65,43,6
65,45,2
65,46,2
65,47,5
65,50,1
65,52,4
65,53,6
65,55,2
65,58,5
65,59,4
65,60,3
65,62,3
65,63,4
65,64,6
65,65,5
65,68,3
65,69,3
65,71,5
65,74,6
65,75,6
65,77,2
65,79,3
65,80,2
65,81,4
65,82,4
65,83,3
65,86,7
65,91,3
65,92,5
65,93,6
65,95,6
65,98,1
65,99,1
65,100,2
65,101,6
65,105,3
65,108,4
65,109,5
65,110,1
65,111,5
65,114,3
65,115,6
65,117,6
65,121,4
65,123,4
65,124,6
65,128,3
65,129,6
65,146,4
65,147,3
65,148,4
65,149,4
65,150,4
65,151,7
65,155,2
65,156,6
65,157,5
65,160,3
65,168,1
65,170,4
65,177,6
65,179,4
65,183,2
65,187,6
65,188,3
65,190,1
65,197,3
65,198,4
65,199,1
65,201,5
65,207,1
65,212,4
65,215,3
65,216,4
65,217,4
65,222,1
65,223,2
65,229,1
65,230,4
65,231,3
65,233,4
65,236,5
65,239,1
65,240,6
65,243,7
65,244,7
65,250,4
65,251,6
65,253,3
65,256,6
65,258,4
65,260,2
65,266,7
65,268,4
65,273,5
65,277,5
65,282,2
65,283,6
65,284,2
65,286,4
65,288,4
65,290,2
65,293,5
65,294,3
65,299,4
65,302,7
65,303,4
65,309,6
65,312,5
65,313,1
65,316,3
65,317,3
65,318,1
65,319,6
65,324,3
65,328,4
65,329,5
65,337,5
65,338,4
65,341,4
65,342,4
65,344,6
65,349,5
65,351,5
65,352,2
65,355,1
65,357,2
65,359,5
65,360,3
65,361,6
65,362,3
65,365,6
65,371,5
65,372,7
65,378,6
65,384,3
65,386,3
65,389,3
65,390,2
65,391,7
65,395,3
65,396,4
65,399,4
65,402,3
65,404,5
65,407,5
65,409,1
65,410,4
65,413,6
65,414,4
65,415,4
65,417,2
65,418,2
65,421,7
65,423,5
65,427,2
65,429,2
65,430,7
65,431,2
65,434,4
65,435,4
65,436,1
65,438,3
66,1,4
66,8,5
66,9,1
66,15,2
66,22,5
66,28,1
66,29,4
66,36,5
66,43,3
66,47,1
66,49,1
66,50,3
66,54,1
66,57,5
66,58,1
66,62,1
66,64,4
66,65,1
66,71,5
66,78,3
66,85,5
66,91,1
66,92,3
66,99,3
66,106,3
66,113,4
66,120,5
66,127,2
66,134,3
66,141,2
66,162,6
66,169,4
66,176,5
66,183,6
66,190,5
66,197,4
66,204,5
66,211,2
66,218,4
66,225,7
66,232,5
66,239,5
66,244,1
66,246,4
66,251,7
66,253,4
66,260,5
66,267,4
66,274,4
66,281,3
66,288,3
66,295,5
66,302,4
66,309,3
66,310,1
66,316,5
66,323,3
66,330,4
66,337,5
66,344,5
66,351,4
66,358,5
66,365,4
66,372,5
66,379,2
66,386,5
66,392,2
66,400,3
66,407,3
66,433,6
67,1,5
67,5,4
67,9,5
67,10,3
67,12,4
67,13,4
67,15,4
67,18,5
67,20,3
67,23,4
67,24,5
67,27,4
67,30,5
67,31,5
67,34,5
67,41,4
67,42,2
67,43,4
67,45,6
67,46,3
67,48,5
67,50,3
67,52,4
67,54,5
67,55,3
67,57,5
67,58,5
67,59,4
67,61,3
67,62,4
67,64,4
67,66,4
67,67,4
67,68,4
67,69,4
67,70,1
67,73,5
67,74,2
67,75,4
67,77,3
67,78,4
67,81,6
67,82,2
67,83,4
67,84,5
67,85,3
67,86,2
67,87,2
67,88,3
67,89,5
67,90,2
67,91,4
67,93,4
67,94,5
67,96,3
67,100,1
67,101,5
67,103,3
67,105,2
67,108,7
67,110,3
67,111,2
67,112,5
67,113,3
67,115,1
67,117,1
67,119,3
67,121,6
67,122,3
67,123,5
67,132,5
67,133,4
67,136,5
67,138,5
67,140,3
67,141,4
67,143,1
67,144,2
67,145,4
67,146,5
67,148,5
67,149,3
67,152,4
67,153,4
67,154,2
67,155,2
67,157,2
67,158,4
67,159,3
67,160,2
67,164,5
67,165,1
67,166,4
67,168,5
67,170,4
67,171,2
67,172,5
67,173,1
67,174,4
67,175,4
67,176,3
67,178,4
67,179,5
67,180,4
67,181,3
67,184,4
67,185,5
67,186,4
67,188,3
67,189,3
67,190,4
67,192,4
67,195,4
67,200,6
67,201,2
67,202,3
67,204,3
67,206,6
67,209,4
67,212,4
67,214,5
67,220,4
67,226,6
67,229,4
67,230,4
67,235,4
67,239,1
67,241,5
67,244,4
67,247,5
67,251,3
67,254,5
67,256,5
67,257,5
67,258,4
67,260,5
67,262,6
67,264,5
67,265,4
67,267,6
67,271,1
67,274,5
67,275,5
67,277,4
67,279,4
67,281,4
67,286,3
67,289,4
67,291,5
67,293,4
67,295,3
67,297,3
67,298,3
67,299,4
67,300,4
67,301,2
67,303,5
67,308,2
67,310,5
67,312,4
67,313,3
67,315,3
67,317,6
67,319,4
67,320,3
67,321,4
67,323,1
67,324,6
67,329,3
67,330,4
67,331,5
67,333,3
67,334,4
67,335,2
67,337,3
67,338,5
67,341,1
67,342,3
67,343,3
67,344,3
67,345,5
67,347,3
67,348,3
67,349,4
67,351,2
67,352,4
67,353,5
67,354,4
67,355,3
67,356,2
67,359,6
67,364,2
67,365,2
67,366,5
67,371,3
67,373,5
67,376,2
67,379,1
67,380,5
67,383,4
67,386,4
67,387,4
67,392,6
67,397,3
67,398,3
67,401,3
67,403,5
67,409,4
67,410,6
67,411,5
67,414,4
67,417,4
67,418,3
67,419,5
67,421,3
67,422,4
67,423,2
67,425,4
67,426,5
67,427,2
67,429,3
67,431,5
67,432,1
67,433,2
67,434,4
67,435,5
67,438,5
68,3,5
68,9,4
68,10,4
68,17,4
68,24,5
68,29,4
68,31,4
68,32,1
68,38,5
68,42,1
68,45,5
68,52,5
68,59,6
68,66,4
68,73,5
68,80,5
68,87,5
68,89,2
68,94,4
68,100,5
68,108,5
68,115,5
68,122,5
68,129,5
68,136,4
68,143,5
68,150,4
68,157,5
68,164,4
68,171,5
68,178,5
68,183,4
68,185,5
68,188,3
68,189,1
68,192,4
68,193,2
68,199,5
68,206,5
68,210,4
68,213,4
68,220,5
68,227,4
68,234,5
68,240,2
68,241,5
68,246,2
68,248,5
68,255,5
68,256,2
68,257,1
68,260,1
68,262,5
68,266,4
68,273,4
68,283,5
68,287,3
68,290,5
68,297,5
68,304,6
68,311,4
68,318,5
68,325,5
68,332,5
68,339,5
68,346,5
68,353,5
68,360,5
68,367,5
68,374,5
68,381,5
68,383,2
68,388,5
68,395,4
68,402,5
68,409,5
68,416,5
68,423,6
68,427,2
68,430,5
68,437,5
69,8,2
69,12,2
69,14,1
69,15,3
69,19,5
69,26,4
69,33,2
69,34,7
69,43,6
69,44,2
69,47,3
69,51,5
69,58,5
69,136,1
69,143,5
69,145,3
69,150,1
69,153,8
69,164,7
69,171,5
69,175,5
69,176,2
69,234,5
69,253,6
69,256,5
69,259,6
69,265,4
69,266,8
69,271,1
69,287,5
69,289,5
69,296,6
69,301,3
69,304,6
69,308,8
69,344,6
69,347,3
69,360,5
69,362,3
69,366,5
69,380,6
69,384,7
69,387,4
69,397,8
69,409,4
69,433,5
70,5,4
70,9,6
70,22,6
70,30,4
70,37,6
70,47,6
70,57,7
70,75,7
70,84,5
70,89,5
70,98,5
70,107,5
70,113,4
70,138,6
70,147,3
70,154,6
70,163,6
70,185,5
70,190,4
70,203,6
70,212,4
70,222,6
70,236,6
70,244,2
70,250,6
70,258,6
70,266,7
70,292,5
70,303,6
70,320,6
70,329,6
70,343,4
70,345,6
70,352,5
70,362,6
70,383,5
70,386,3
70,390,5
70,407,6
70,409,1
70,426,3
70,431,4
70,437,6
71,16,4
71,17,3
71,18,2
71,19,1
71,20,3
71,26,2
71,28,1
71,35,5
71,36,1
71,46,4
71,51,1
71,53,4
71,59,3
71,62,3
71,66,4
71,80,5
71,84,2
71,86,1
71,92,4
71,96,3
71,97,1
71,101,3
71,103,3
71,104,1
71,106,1
71,111,2
71,112,8
71,115,3
71,117,5
71,120,2
71,144,2
71,150,1
71,155,3
71,158,5
71,159,5
71,161,3
71,164,2
71,167,2
71,174,3
71,178,3
71,183,3
71,189,1
71,195,2
71,197,1
71,199,1
71,202,1
71,204,4
71,206,8
71,215,2
71,222,3
71,223,2
71,226,3
71,228,3
71,229,2
71,230,2
71,232,4
71,233,2
71,235,5
71,237,3
71,243,1
71,244,3
71,246,2
71,248,4
71,250,4
71,255,4
71,256,3
71,260,2
71,261,2
71,262,5
71,264,2
71,266,1
71,281,4
71,286,2
71,287,3
71,291,1
71,293,3
71,295,4
71,297,4
71,298,2
71,299,5
71,300,5
71,301,1
71,303,4
71,304,3
71,305,3
71,306,2
71,307,1
71,308,3
71,309,2
71,310,3
71,311,3
71,313,4
71,314,2
71,315,4
71,317,2
71,318,2
71,320,4
71,321,2
71,322,1
71,324,4
71,325,4
71,326,3
71,327,2
71,328,3
71,329,4
71,330,5
71,333,4
71,334,3
71,335,3
71,336,2
71,337,1
71,338,3
71,339,3
71,341,2
71,342,4
71,345,5
71,348,2
71,350,2
71,351,1
71,352,3
71,353,5
71,355,1
71,356,4
71,357,3
71,361,5
71,363,2
71,364,1
71,365,2
71,366,4
71,369,1
71,371,2
71,375,1
71,377,1
71,380,2
71,382,2
71,383,3
71,384,1
71,388,5
71,391,1
71,396,2
71,399,2
71,402,1
71,403,4
71,404,2
71,411,2
71,413,4
71,417,6
71,418,4
71,420,4
71,423,1
71,425,3
71,426,2
71,427,5
71,429,1
71,430,2
71,435,3
71,436,3
72,9,2
72,12,2
72,20,4
72,28,5
72,30,1
72,31,2
72,36,5
72,38,1
72,40,3
72,45,5
72,48,3
72,49,1
72,61,3
72,64,1
72,96,4
72,100,1
72,107,3
72,109,2
72,113,5
72,117,2
72,119,2
72,121,4
72,126,4
72,128,4
72,134,2
72,140,2
72,150,1
72,152,3
72,159,3
72,167,2
72,171,4
72,177,3
72,180,3
72,187,3
72,195,4
72,201,3
72,203,2
72,207,2
72,213,5
72,222,4
72,226,4
72,232,4
72,237,3
72,275,3
72,279,3
72,285,2
72,291,4
72,297,4
72,301,3
72,303,1
72,308,3
72,311,4
72,316,5
72,320,3
72,325,4
72,336,3
72,340,3
72,355,2
72,360,4
73,1,1
73,5,5
73,11,4
73,16,3
73,17,5
73,18,5
73,23,5
73,24,4
73,26,4
73,28,3
73,30,4
73,31,5
73,34,3
73,37,4
73,38,2
73,39,4
73,44,3
73,45,4
73,46,5
73,48,3
73,51,5
73,52,6
73,53,5
73,56,1
73,60,4
73,61,2
73,64,3
73,68,2
73,72,5
73,77,2
73,79,6
73,80,2
73,81,4
73,86,5
73,87,1
73,89,1
73,90,5
73,91,1
73,92,1
73,94,3
73,95,4
73,102,3
73,106,1
73,107,4
73,108,2
73,111,1
73,112,3
73,113,3
73,114,5
73,116,5
73,117,2
73,118,2
73,119,2
73,120,1
73,122,3
73,125,2
73,129,3
73,130,3
73,132,3
73,135,2
73,136,5
73,139,3
73,141,5
73,142,5
73,143,1
73,147,1
73,148,1
73,149,1
73,153,6
73,158,2
73,159,4
73,164,5
73,165,2
73,171,1
73,172,4
73,174,4
73,182,4
73,185,3
73,186,2
73,187,1
73,191,1
73,193,5
73,196,3
73,198,1
73,200,6
73,203,3
73,205,5
73,206,3
73,208,3
73,218,1
73,220,1
73,221,4
73,222,2
73,225,4
73,228,3
73,230,1
73,231,3
73,233,4
73,239,2
73,240,3
73,241,2
73,242,2
73,243,6
73,248,5
73,253,1
73,256,5
73,257,2
73,260,4
73,263,3
73,265,6
73,266,8
73,268,6
73,271,2
73,274,3
73,278,6
73,279,4
73,284,5
73,287,4
73,291,6
73,295,6
73,296,1
73,298,6
73,300,1
73,303,4
73,304,2
73,306,6
73,310,1
73,312,7
73,314,2
73,317,5
73,324,1
73,326,6
73,329,1
73,333,8
73,339,5
73,340,4
73,343,2
73,347,2
73,353,3
73,354,5
73,356,6
73,357,1
73,367,6
73,373,5
73,375,4
73,377,3
73,378,1
73,379,4
73,382,5
73,385,5
73,390,5
73,392,4
73,396,5
73,397,4
73,398,1
73,399,3
73,403,5
73,404,5
73,408,2
73,410,3
73,411,2
73,412,5
73,414,1
73,419,1
73,424,4
73,433,3
73,437,3
73,438,6
74,33,6
74,38,5
74,53,6
74,60,5
74,95,7
74,101,6
74,104,3
74,109,5
74,130,5
74,137,4
74,152,6
74,224,6
74,233,5
74,256,7
74,262,8
74,274,4
74,281,2
74,282,2
74,285,1
74,292,2
74,294,2
74,295,3
74,296,2
74,297,2
74,298,1
74,302,2
74,304,4
74,308,1
74,312,2
74,316,1
74,318,4
74,326,4
74,330,1
74,339,3
74,340,2
74,344,1
74,345,1
74,346,2
74,347,5
74,351,1
74,360,4
74,368,5
74,375,3
74,381,3
74,388,3
74,407,1
74,409,2
74,423,2
74,424,2
74,426,1
74,430,1
75,1,3
75,2,7
75,10,4
75,14,5
75,23,6
75,31,3
75,34,3
75,36,1
75,37,6
75,42,3
75,48,1
75,49,3
75,53,1
75,54,1
75,58,2
75,60,3
75,68,1
75,69,7
75,72,1
75,77,1
75,78,2
75,83,1
75,84,7
75,92,1
75,93,2
75,99,6
75,103,2
75,107,3
75,122,2
75,144,4
75,150,5
75,162,5
75,170,2
75,171,1
75,177,1
75,178,7
75,181,1
75,183,2
75,198,7
75,204,1
75,205,2
75,212,2
75,213,4
75,231,2
75,233,2
75,243,1
75,248,3
75,251,2
75,254,2
75,258,7
75,270,3
75,273,3
75,288,4
75,291,1
75,296,2
75,297,6
75,304,1
75,310,3
75,316,1
75,317,1
75,318,2
75,322,7
75,323,1
75,327,1
75,335,1
75,338,1
75,340,6
75,342,2
75,345,2
75,348,2
75,349,1
75,352,3
75,355,6
75,361,3
75,367,4
75,369,7
75,374,1
75,377,1
75,378,4
75,380,1
75,385,2
75,388,3
75,389,1
75,394,6
75,400,2
75,402,1
75,405,1
75,408,3
75,410,7
75,415,1
75,418,1
75,419,1
75,420,1
75,422,2
75,423,1
75,425,2
75,426,2
75,429,1
75,430,2
75,432,7
76,7,7
76,8,1
76,17,7
76,23,1
76,29,6
76,30,5
76,33,7
76,40,6
76,48,7
76,50,1
76,54,5
76,57,1
76,61,6
76,62,2
76,68,7
76,76,7
76,83,4
76,86,7
76,88,7
76,92,3
76,96,5
76,98,5
76,102,6
76,109,6
76,120,4
76,138,7
76,141,5
76,145,6
76,146,5
76,149,6
76,155,2
76,158,6
76,165,7
76,166,2
76,169,5
76,177,7
76,187,5
76,191,1
76,194,5
76,196,2
76,201,6
76,213,3
76,219,7
76,222,4
76,223,6
76,229,5
76,242,7
76,249,6
76,257,5
76,264,6
76,265,2
76,267,4
76,281,5
76,285,7
76,286,4
76,292,6
76,299,3
76,302,4
76,305,7
76,312,6
76,318,5
76,319,6
76,328,7
76,334,6
76,340,6
76,347,6
76,348,1
76,353,5
76,354,3
76,355,6
76,362,6
76,367,6
76,375,7
76,381,6
76,393,3
76,396,1
76,397,8
76,404,5
76,410,7
76,415,6
76,416,5
76,418,6
76,425,5
76,429,5
76,436,5
76,437,3
77,3,4
77,5,5
77,10,2
77,11,5
77,14,2
77,18,1
77,19,5
77,20,1
77,26,5
77,27,1
77,31,3
77,33,5
77,37,1
77,39,5
77,40,6
77,45,5
77,46,1
77,63,5
77,67,5
77,68,1
77,73,4
77,74,6
77,77,6
77,80,5
77,81,6
77,84,2
77,87,5
77,89,5
77,95,5
77,99,5
77,101,1
77,102,5
77,110,4
77,115,4
77,116,3
77,117,7
77,122,3
77,123,3
77,124,5
77,125,1
77,129,3
77,130,2
77,131,4
77,132,4
77,136,3
77,137,3
77,138,5
77,140,1
77,143,2
77,144,5
77,145,5
77,146,1
77,151,5
77,153,4
77,155,2
77,156,2
77,157,4
77,158,1
77,160,4
77,163,5
77,165,4
77,166,5
77,167,1
77,171,4
77,172,1
77,173,6
77,176,1
77,179,3
77,180,6
77,182,6
77,199,3
77,200,3
77,201,5
77,202,5
77,206,3
77,207,6
77,213,3
77,214,2
77,215,5
77,218,4
77,220,4
77,221,1
77,222,5
77,224,5
77,226,2
77,227,4
77,228,1
77,232,3
77,234,4
77,235,1
77,236,5
77,241,3
77,244,4
77,249,4
77,255,3
77,256,2
77,257,5
77,260,1
77,262,4
77,263,2
77,264,4
77,267,6
77,275,5
77,276,1
77,277,3
77,280,3
77,283,2
77,284,2
77,285,5
77,290,3
77,291,1
77,292,5
77,297,3
77,298,2
77,299,5
77,300,1
77,304,3
77,306,6
77,307,1
77,311,3
77,312,2
77,314,5
77,316,6
77,318,2
77,319,1
77,320,6
77,325,3
77,326,2
77,327,5
77,331,5
77,333,2
77,334,4
77,337,5
77,340,3
77,342,5
77,346,3
77,347,3
77,348,5
77,350,5
77,351,5
77,353,4
77,354,1
77,355,6
77,363,5
77,365,3
77,367,4
77,368,2
77,369,5
77,370,2
77,374,3
77,376,7
77,381,3
77,382,1
77,383,5
77,387,2
77,388,5
77,391,5
77,395,3
77,399,6
77,402,3
77,420,3
77,423,3
77,424,2
77,427,4
77,429,2
77,431,2
77,438,3
78,6,6
78,16,5
78,19,6
78,23,1
78,30,4
78,34,6
78,35,1
78,45,4
78,47,6
78,51,2
78,54,5
78,62,7
78,75,6
78,84,1
78,111,6
78,124,6
78,129,1
78,143,2
78,156,5
78,166,7
78,167,1
78,180,5
78,185,4
78,194,6
78,208,7
78,223,6
78,231,4
78,236,6
78,240,4
78,243,1
78,244,2
78,250,7
78,259,1
78,262,4
78,264,6
78,267,1
78,272,5
78,278,7
78,285,1
78,293,7
78,306,7
78,321,6
78,323,1
78,331,5
78,334,6
78,344,1
78,348,6
78,353,4
78,362,6
78,368,1
78,371,4
78,376,6
78,386,4
78,391,6
78,403,4
78,404,6
78,406,1
78,417,4
78,418,5
78,425,1
78,427,6
78,430,1
78,432,6
79,2,4
79,7,6
79,15,4
79,22,5
79,26,2
79,29,5
79,35,5
79,43,5
79,49,5
79,57,5
79,63,4
79,69,4
79,77,4
79,85,5
79,91,5
79,93,2
79,99,6
79,105,5
79,112,5
79,113,5
79,117,4
79,119,5
79,127,5
79,133,5
79,141,4
79,147,6
79,152,3
79,155,4
79,161,6
79,168,5
79,175,5
79,182,6
79,189,6
79,196,5
79,203,6
79,211,4
79,218,6
79,224,5
79,231,6
79,238,4
79,245,5
79,252,4
79,259,5
79,266,4
79,273,4
79,280,5
79,287,5
79,294,4
79,301,4
79,309,4
79,315,5
79,322,6
79,329,4
79,337,6
79,338,4
79,343,5
79,350,5
79,357,5
79,364,5
79,371,5
79,378,5
79,385,5
79,392,5
79,397,6
79,400,5
79,409,5
79,414,6
79,421,5
79,427,6
79,434,6
80,3,3
80,6,6
80,12,5
80,13,2
80,19,5
80,22,4
80,27,6
80,34,1
80,40,6
80,42,1
80,47,6
80,49,1
80,55,7
80,59,1
80,62,5
80,68,6
80,76,6
80,82,6
80,89,6
80,92,4
80,97,6
80,103,5
80,105,3
80,107,1
80,110,6
80,113,1
80,114,4
80,119,1
80,122,1
80,125,1
80,132,1
80,134,3
80,138,5
80,140,1
80,143,4
80,144,4
80,146,6
80,153,5
80,157,1
80,159,5
80,166,4
80,173,6
80,180,6
80,187,5
80,194,5
80,201,2
80,209,5
80,215,6
80,223,6
80,229,6
80,237,5
80,243,4
80,247,2
80,248,1
80,251,7
80,257,6
80,264,6
80,272,5
80,278,5
80,285,6
80,292,5
80,300,7
80,306,5
80,310,1
80,312,4
80,317,5
80,323,7
80,328,1
80,335,7
80,340,1
80,341,5
80,347,4
80,348,5
80,355,5
80,361,4
80,363,6
80,369,6
80,372,4
80,377,6
80,383,6
80,391,6
80,401,6
80,405,5
80,408,1
80,411,5
80,414,4
80,419,5
80,424,4
80,426,5
80,433,6
81,2,6
81,6,7
81,12,1
81,20,4
81,30,5
81,37,7
81,38,4
81,39,3
81,43,4
81,46,1
81,52,4
81,55,4
81,59,5
81,65,7
81,74,6
81,90,4
81,100,8
81,102,3
81,103,1
81,106,4
81,118,3
81,131,3
81,135,7
81,142,3
81,151,5
81,159,1
81,164,5
81,165,7
81,173,4
81,194,5
81,197,7
81,201,3
81,207,5
81,211,7
81,225,7
81,228,2
81,234,6
81,236,4
81,249,5
81,251,2
81,254,4
81,257,8
81,263,6
81,267,3
81,271,1
81,272,7
81,277,5
81,284,4
81,290,2
81,291,7
81,299,4
81,303,4
81,309,7
81,319,3
81,320,1
81,323,4
81,325,3
81,333,4
81,340,4
81,341,7
81,355,4
81,366,4
81,368,3
81,369,5
81,373,8
81,385,6
81,393,3
81,402,7
81,404,4
81,416,4
81,417,4
81,421,2
81,423,4
81,431,2
81,432,3
81,433,8
81,438,5
82,1,6
82,10,5
82,15,5
82,22,5
82,27,6
82,43,7
82,57,7
82,63,6
82,71,5
82,79,5
82,84,6
82,87,5
82,92,5
82,95,4
82,97,5
82,100,6
82,106,5
82,113,6
82,114,5
82,121,5
82,128,6
82,135,6
82,140,5
82,142,4
82,146,6
82,153,5
82,161,5
82,169,7
82,175,4
82,183,6
82,190,6
82,195,5
82,204,6
82,212,6
82,217,6
82,224,7
82,234,6
82,239,7
82,246,7
82,250,3
82,253,6
82,258,3
82,262,4
82,265,6
82,266,4
82,273,6
82,280,6
82,288,7
82,289,3
82,296,6
82,302,5
82,309,6
82,316,5
82,322,6
82,325,6
82,329,5
82,336,5
82,343,6
82,348,5
82,352,6
82,357,5
82,364,5
82,366,5
82,371,6
82,378,6
82,385,6
82,388,3
82,393,7
82,396,4
82,399,5
82,402,5
82,412,6
82,420,7
82,427,7
82,434,6
83,1,5
83,2,6
83,3,2
83,7,1
83,10,1
83,11,6
83,15,2
83,17,7
83,23,3
83,24,6
83,26,2
83,31,6
83,37,7
83,40,2
83,43,5
83,45,6
83,49,4
83,53,7
83,54,1
83,57,3
83,59,2
83,61,6
83,64,2
83,66,6
83,68,3
83,70,5
83,71,1
83,72,2
83,74,7
83,77,2
83,80,7
83,81,4
83,82,1
83,86,7
83,89,4
83,93,6
83,94,4
83,95,4
83,100,4
83,101,6
83,102,4
83,105,2
83,108,6
83,110,5
83,115,6
83,120,5
83,121,4
83,126,4
83,130,6
83,132,3
83,142,1
83,144,2
83,145,7
83,147,2
83,150,2
83,152,7
83,155,5
83,156,1
83,157,3
83,158,4
83,160,6
83,161,2
83,164,3
83,165,7
83,169,1
83,172,6
83,179,4
83,183,4
83,184,7
83,186,1
83,187,1
83,191,2
83,192,7
83,196,1
83,198,1
83,199,7
83,204,1
83,209,7
83,212,4
83,213,3
83,214,7
83,218,3
83,219,5
83,220,2
83,221,3
83,222,6
83,228,7
83,235,2
83,236,6
83,240,7
83,241,2
83,243,2
83,248,7
83,256,6
83,258,2
83,259,4
83,266,7
83,267,4
83,268,3
83,275,7
83,279,4
83,280,4
83,281,3
83,282,6
83,287,4
83,290,7
83,297,2
83,304,6
83,307,1
83,308,3
83,310,6
83,312,5
83,313,1
83,316,1
83,317,6
83,320,1
83,322,3
83,324,6
83,328,1
83,329,3
83,330,4
83,331,6
83,333,3
83,336,4
83,339,4
83,340,7
83,341,2
83,346,4
83,360,7
83,364,3
83,367,7
83,374,6
83,378,2
83,379,2
83,384,2
83,385,1
83,386,7
83,390,4
83,392,3
83,393,6
83,397,5
83,401,3
83,402,6
83,407,1
83,409,7
83,410,3
83,415,3
83,417,4
83,418,7
83,420,2
83,422,6
83,423,4
83,424,6
83,427,3
83,428,2
83,431,7
83,434,2
83,436,7
83,437,3
84,3,7
84,17,6
84,39,7
84,46,7
84,52,6
84,53,4
84,60,6
84,67,5
84,81,6
84,87,7
84,102,5
84,113,5
84,123,8
84,136,6
84,144,7
84,152,5
84,165,6
84,178,6
84,184,3
84,186,8
84,193,6
84,205,6
84,207,3
84,211,5
84,214,7
84,235,7
84,242,7
84,249,2
84,256,8
84,267,6
84,298,7
84,312,8
84,319,7
84,332,5
84,340,8
84,347,7
84,354,5
84,375,8
84,382,7
84,389,5
84,390,5
84,395,4
84,403,6
84,409,6
84,417,5
84,426,5
85,1,2
85,6,5
85,7,5
85,12,2
85,13,2
85,21,1
85,22,6
85,24,3
85,25,7
85,26,2
85,32,3
85,34,4
85,36,2
85,37,6
85,44,3
85,50,6
85,58,5
85,59,4
85,62,2
85,63,4
85,80,7
85,87,6
85,90,6
85,98,7
85,105,5
85,109,5
85,115,6
85,119,7
85,124,5
85,131,7
85,133,2
85,134,5
85,135,1
85,139,4
85,142,4
85,144,6
85,146,2
85,149,2
85,155,4
85,169,6
85,171,6
85,179,5
85,187,6
85,194,4
85,197,3
85,198,6
85,199,2
85,203,5
85,211,6
85,216,5
85,219,3
85,224,7
85,227,2
85,230,6
85,234,5
85,236,5
85,240,5
85,243,7
85,251,5
85,255,5
85,256,4
85,259,6
85,261,4
85,262,3
85,263,5
85,264,1
85,265,1
85,267,7
85,272,4
85,275,5
85,280,6
85,283,1
85,290,6
85,294,3
85,296,6
85,299,3
85,304,5
85,307,3
85,310,4
85,312,5
85,315,7
85,320,3
85,325,2
85,327,1
85,328,6
85,332,5
85,339,6
85,342,3
85,344,4
85,347,7
85,352,6
85,355,3
85,356,1
85,357,5
85,360,6
85,364,5
85,367,5
85,372,5
85,374,6
85,379,4
85,383,5
85,384,4
85,385,1
85,388,6
85,394,1
85,396,7
85,399,3
85,401,5
85,406,4
85,412,3
85,414,7
85,420,3
85,422,7
85,424,3
85,428,4
85,432,3
85,433,5
85,436,6
86,1,2
86,3,1
86,5,5
86,8,2
86,11,4
86,15,1
86,18,5
86,19,2
86,21,1
86,22,2
86,24,2
86,25,4
86,31,2
86,32,1
86,33,5
86,39,5
86,42,2
86,46,4
86,50,2
86,51,4
86,53,3
86,54,3
86,61,5
86,63,1
86,67,5
86,70,4
86,74,5
86,75,2
86,77,2
86,79,2
86,81,4
86,84,2
86,99,2
86,101,6
86,105,2
86,109,4
86,112,3
86,113,2
86,116,5
86,118,1
86,119,1
86,121,2
86,122,2
86,123,5
86,126,2
86,130,5
86,134,2
86,137,6
86,143,4
86,144,5
86,145,2
86,149,4
86,152,3
86,153,4
86,157,3
86,158,3
86,159,3
86,161,2
86,165,4
86,170,2
86,172,4
86,175,3
86,179,5
86,181,2
86,183,2
86,185,5
86,186,5
86,193,4
86,194,2
86,197,2
86,198,1
86,200,6
86,201,1
86,203,3
86,206,1
86,207,4
86,208,2
86,212,4
86,214,5
86,215,1
86,217,1
86,220,4
86,221,4
86,223,3
86,224,2
86,225,1
86,228,5
86,234,2
86,235,4
86,238,4
86,240,4
86,242,5
86,243,1
86,249,5
86,254,1
86,256,5
86,259,3
86,260,2
86,264,2
86,265,1
86,267,3
86,274,2
86,277,4
86,279,3
86,282,1
86,284,5
86,288,3
86,291,5
86,292,2
86,294,1
86,296,3
86,298,5
86,300,3
86,304,1
86,307,2
86,309,1
86,312,5
86,313,2
86,315,3
86,318,1
86,319,5
86,320,2
86,322,1
86,323,2
86,325,1
86,326,5
86,327,3
86,329,1
86,330,3
86,333,5
86,334,1
86,335,2
86,336,5
86,340,5
86,341,1
86,343,2
86,344,1
86,347,5
86,349,3
86,350,1
86,354,5
86,358,2
86,359,2
86,361,5
86,365,3
87,1,4
87,4,1
87,5,3
87,8,4
87,16,6
87,17,3
87,20,4
87,21,4
87,22,3
87,28,4
87,30,6
87,33,5
87,34,2
87,35,5
87,39,5
87,40,3
87,42,6
87,43,5
87,44,3
87,47,5
87,49,6
87,50,1
87,52,6
87,53,4
87,56,4
87,57,7
87,58,4
87,60,2
87,62,5
87,63,7
87,68,4
87,69,4
87,71,5
87,74,1
87,75,6
87,77,4
87,78,5
87,82,3
87,83,5
87,84,4
87,86,6
87,89,3
87,91,5
87,92,1
87,98,5
87,99,5
87,104,5
87,105,6
87,106,2
87,110,4
87,111,1
87,114,5
87,119,6
87,120,4
87,121,3
87,124,5
87,135,6
87,139,1
87,141,6
87,142,1
87,146,5
87,147,3
87,148,3
87,149,5
87,150,2
87,151,2
87,154,4
87,155,6
87,161,5
87,163,5
87,168,5
87,170,5
87,171,2
87,174,4
87,175,1
87,177,4
87,178,2
87,179,1
87,182,6
87,183,3
87,185,1
87,188,5
87,190,5
87,191,3
87,193,1
87,195,5
87,197,6
87,199,4
87,203,5
87,204,6
87,206,5
87,208,4
87,210,4
87,211,4
87,212,1
87,217,6
87,218,2
87,221,3
87,224,5
87,226,4
87,227,4
87,231,1
87,232,3
87,234,4
87,235,4
87,238,4
87,240,4
87,243,5
87,244,4
87,245,4
87,253,2
87,254,5
87,255,5
87,256,4
87,259,3
87,261,2
87,262,6
87,264,4
87,266,5
87,267,5
87,274,5
87,279,5
87,280,5
87,282,3
87,288,6
87,294,4
87,296,4
87,299,5
87,300,3
87,301,3
87,306,2
87,307,5
87,308,5
87,311,1
87,314,4
87,315,4
87,317,3
87,319,1
87,324,3
87,329,4
87,331,1
87,333,5
87,336,3
87,342,1
87,343,4
87,344,6
87,345,2
87,346,5
87,349,1
87,350,5
87,352,4
87,361,4
87,363,5
87,365,4
87,367,2
87,370,3
87,379,7
87,382,3
87,383,2
87,386,1
87,387,6
87,390,4
87,392,5
87,394,4
87,397,3
87,399,3
87,400,6
87,401,4
87,403,5
87,405,4
87,408,6
87,410,3
87,412,2
87,413,5
87,414,5
87,415,5
87,419,2
87,421,5
87,422,5
87,431,6
87,436,5
88,5,3
88,8,3
88,16,3
88,26,4
88,30,2
88,31,1
88,36,4
88,37,2
88,41,4
88,47,4
88,53,4
88,60,6
88,71,3
88,75,3
88,78,1
88,85,3
88,88,3
88,93,7
88,96,1
88,111,3
88,125,1
88,128,3
88,129,3
88,136,4
88,144,5
88,149,3
88,154,4
88,157,2
88,164,2
88,172,3
88,174,2
88,181,1
88,182,2
88,185,3
88,186,2
88,187,4
88,188,1
88,192,4
88,195,3
88,200,5
88,207,5
88,209,1
88,212,4
88,213,6
88,219,4
88,225,1
88,228,2
88,235,5
88,237,3
88,242,2
88,246,4
88,249,3
88,254,4
88,262,4
88,264,5
88,266,2
88,277,3
88,279,4
88,284,3
88,289,3
88,295,3
88,299,4
88,301,3
88,308,1
88,310,3
88,313,4
88,317,2
88,329,3
88,332,6
88,336,1
88,343,1
88,346,1
88,349,4
88,352,1
88,353,4
88,354,2
88,360,1
88,361,4
88,364,1
88,366,1
88,368,3
88,371,2
88,388,2
88,397,2
88,405,1
88,407,3
88,415,2
88,418,3
88,421,2
88,422,1
88,425,3
88,427,1
88,430,3
88,433,3
88,437,4
89,28,4
89,35,1
89,41,4
89,43,3
89,44,5
89,47,3
89,48,4
89,49,2
89,50,2
89,54,4
89,56,1
89,57,1
89,58,1
89,62,4
89,68,3
89,69,3
89,70,2
89,71,3
89,72,1
89,75,3
89,76,1
89,77,4
89,78,2
89,79,2
89,85,4
89,86,6
89,89,1
89,91,4
89,92,2
89,93,2
89,97,5
89,98,2
89,99,5
89,103,3
89,104,1
89,106,5
89,108,1
89,111,2
89,113,1
89,114,1
89,117,5
89,119,4
89,124,4
89,128,2
89,131,5
89,134,5
89,146,5
89,150,5
89,154,5
89,161,4
89,166,5
89,180,4
89,181,5
89,187,4
89,188,2
89,190,4
89,191,5
89,194,4
89,195,4
89,196,2
89,201,5
89,203,1
89,205,1
89,210,4
89,211,5
89,212,5
89,216,4
89,221,3
89,224,3
89,236,3
89,244,5
89,255,6
89,257,4
89,259,4
89,266,5
89,268,5
89,272,4
89,277,8
89,284,5
89,287,4
89,290,7
89,294,5
89,300,7
89,301,2
89,302,5
89,306,5
89,307,4
89,309,4
89,314,4
89,322,4
89,324,1
89,327,2
89,329,3
89,338,3
89,343,7
89,346,1
89,349,5
89,356,2
89,358,2
89,359,3
89,360,2
89,363,4
89,376,4
89,380,2
89,381,4
89,385,5
89,386,3
89,397,7
89,399,5
89,400,4
89,404,6
89,407,1
89,413,3
89,415,5
89,418,5
89,419,2
89,426,3
89,427,7
90,3,3
90,14,7
90,29,1
90,30,1
90,31,6
90,38,6
90,44,6
90,50,7
90,59,7
90,65,6
90,72,7
90,74,5
90,93,6
90,99,6
90,101,3
90,102,6
90,107,6
90,115,2
90,127,2
90,128,6
90,129,3
90,136,2
90,143,7
90,148,6
90,154,3
90,156,6
90,162,6
90,166,3
90,183,7
90,190,6
90,199,3
90,211,1
90,213,3
90,224,7
90,227,6
90,232,7
90,234,2
90,238,6
90,241,3
90,246,2
90,247,7
90,258,2
90,260,8
90,262,3
90,268,3
90,273,6
90,277,1
90,281,1
90,283,3
90,287,2
90,288,6
90,298,4
90,302,7
90,305,1
90,306,2
90,309,6
90,315,8
90,317,4
90,330,6
90,332,6
90,335,1
90,336,2
90,337,2
90,339,5
90,351,7
90,357,6
90,364,3
90,367,5
90,372,7
90,382,6
90,386,6
90,388,5
90,392,1
90,393,7
90,398,3
90,399,4
90,403,6
90,407,7
90,408,2
90,415,6
90,421,2
90,422,1
90,424,8
90,429,6
90,430,1
90,434,6
90,437,2
91,3,6
91,9,6
91,17,2
91,24,8
91,38,7
91,52,7
91,72,5
91,80,7
91,86,6
91,94,7
91,107,6
91,115,8
91,116,2
91,120,4
91,129,2
91,141,7
91,170,7
91,178,6
91,185,8
91,197,7
91,206,6
91,209,4
91,215,7
91,220,7
91,225,6
91,232,7
91,238,6
91,243,6
91,248,7
91,257,6
91,266,6
91,275,1
91,283,6
91,299,7
91,316,7
91,324,4
91,327,5
91,331,6
91,344,6
91,368,2
91,369,8
91,374,4
91,387,7
91,393,5
91,400,6
91,409,8
91,414,5
91,423,5
92,7,3
92,9,5
92,10,1
92,15,5
92,16,5
92,23,6
92,28,4
92,30,6
92,36,4
92,38,2
92,39,3
92,42,3
92,45,4
92,47,3
92,48,6
92,51,5
92,52,4
92,56,1
92,57,4
92,62,4
92,63,2
92,64,1
92,68,6
92,69,1
92,71,2
92,72,1
92,75,3
92,76,2
92,77,1
92,82,2
92,83,3
92,84,3
92,85,3
92,86,1
92,88,2
92,89,2
92,92,3
92,94,7
92,96,1
92,98,3
92,99,2
92,100,3
92,104,3
92,105,2
92,108,2
92,109,6
92,110,5
92,111,3
92,112,1
92,113,3
92,114,2
92,117,4
92,120,2
92,122,8
92,123,4
92,124,3
92,125,3
92,126,5
92,127,2
92,129,3
92,131,3
92,134,6
92,136,7
92,139,1
92,141,1
92,142,7
92,158,3
92,159,1
92,160,1
92,161,1
92,162,4
92,163,7
92,164,4
92,165,5
92,166,2
92,169,3
92,172,6
92,173,2
92,174,1
92,175,6
92,176,2
92,179,2
92,180,3
92,181,2
92,183,1
92,184,5
92,186,7
92,187,2
92,188,1
92,189,6
92,190,3
92,191,3
92,194,6
92,195,4
92,196,5
92,200,5
92,201,6
92,202,6
92,203,5
92,204,3
92,205,4
92,208,3
92,209,1
92,210,3
92,211,6
92,212,4
92,213,3
92,214,3
92,215,3
92,216,2
92,217,1
92,218,1
92,219,1
92,222,3
92,223,6
92,224,1
92,225,4
92,226,2
92,229,6
92,230,7
92,232,3
92,233,1
92,235,1
92,236,4
92,239,4
92,240,2
92,242,5
92,245,3
92,246,5
92,247,5
92,250,1
92,251,6
92,252,3
92,254,3
92,255,1
92,258,2
92,259,5
92,260,2
92,261,5
92,266,3
92,267,6
92,268,3
92,272,7
92,279,3
92,280,3
92,281,2
92,282,3
92,285,1
92,286,6
92,287,3
92,289,2
92,290,3
92,292,6
92,293,3
92,294,1
92,295,6
92,296,3
92,298,4
92,299,6
92,300,4
92,301,4
92,302,3
92,304,6
92,306,4
92,307,2
92,309,3
92,312,1
92,313,1
92,314,4
92,315,7
92,316,1
92,317,2
92,320,4
92,321,3
92,322,2
92,325,2
92,327,4
92,328,7
92,329,2
92,330,1
92,331,3
92,334,7
92,336,3
92,337,2
92,340,4
92,341,3
92,342,3
92,343,2
92,348,7
92,349,1
92,350,1
92,351,5
92,352,3
92,355,7
92,357,4
92,358,4
92,359,1
92,362,3
92,364,6
92,367,4
92,368,7
92,369,3
92,370,3
92,371,5
92,372,2
92,373,5
92,376,3
92,377,1
92,378,2
92,381,2
92,383,2
92,384,1
92,385,2
92,386,1
92,387,1
92,388,3
92,390,5
92,391,1
92,392,1
92,393,5
92,394,2
92,397,1
92,398,1
92,399,3
92,400,2
92,404,7
92,405,2
92,406,1
92,407,1
92,408,1
92,409,2
92,411,3
92,412,3
92,413,2
92,414,2
92,415,2
92,416,2
92,418,2
92,419,2
92,424,5
92,426,3
92,427,1
92,430,2
92,432,7
92,433,1
92,434,1
92,436,2
93,7,6
93,29,6
93,36,8
93,41,7
93,49,6
93,60,7
93,70,5
93,82,6
93,112,6
93,221,6
93,223,3
93,265,8
93,276,6
93,299,4
93,316,6
93,332,4
93,353,6
93,359,7
93,374,7
93,395,4
93,403,5
93,437,3
94,2,3
94,9,5
94,12,7
94,19,5
94,20,2
94,23,5
94,36,2
94,37,4
94,38,4
94,40,2
94,43,1
94,44,3
94,47,1
94,48,4
94,49,1
94,50,4
94,51,3
94,52,3
94,53,5
94,54,3
94,55,1
94,57,3
94,58,1
94,59,4
94,62,3
94,63,2
94,64,2
94,65,3
94,69,7
94,71,4
94,72,5
94,74,3
94,75,6
94,76,1
94,78,3
94,89,2
94,91,3
94,93,5
94,96,2
94,97,1
94,98,4
94,99,5
94,104,7
94,107,1
94,110,3
94,115,4
94,117,3
94,119,3
94,120,3
94,125,7
94,129,2
94,133,3
94,141,6
94,151,6
94,153,4
94,157,5
94,166,5
94,170,6
94,171,5
94,173,1
94,177,4
94,179,3
94,180,4
94,183,6
94,184,3
94,188,5
94,196,5
94,198,6
94,200,4
94,201,5
94,203,4
94,204,4
94,211,7
94,213,5
94,215,3
94,219,5
94,222,6
94,225,5
94,229,1
94,233,5
94,238,6
94,239,4
94,241,7
94,248,4
94,251,5
94,253,7
94,261,3
94,264,8
94,272,4
94,275,4
94,277,4
94,282,8
94,285,5
94,297,5
94,300,4
94,301,3
94,303,8
94,307,2
94,313,6
94,316,5
94,321,6
94,323,6
94,329,5
94,330,5
94,334,6
94,341,7
94,342,4
94,348,5
94,349,7
94,356,5
94,362,5
94,365,2
94,370,4
94,379,6
94,383,5
94,387,6
94,391,4
94,393,7
94,398,4
94,403,6
94,404,5
94,409,6
94,417,4
94,418,4
94,426,6
94,432,5
94,436,5
94,438,6
95,9,4
95,16,3
95,37,4
95,44,3
95,45,2
95,51,3
95,52,3
95,57,2
95,60,2
95,62,2
95,65,4
95,67,2
95,71,1
95,74,3
95,78,4
95,79,3
95,83,2
95,84,3
95,86,4
95,91,4
95,93,3
95,96,2
95,98,1
95,100,2
95,103,1
95,104,3
95,108,4
95,110,3
95,111,1
95,117,2
95,119,2
95,120,1
95,128,4
95,132,2
95,135,4
95,136,1
95,138,2
95,142,5
95,145,2
95,149,3
95,153,2
95,155,4
95,157,6
95,164,3
95,165,1
95,167,3
95,169,3
95,171,1
95,174,1
95,178,3
95,180,2
95,184,5
95,192,5
95,196,1
95,198,5
95,203,1
95,205,2
95,206,5
95,214,4
95,217,3
95,219,3
95,220,1
95,223,4
95,226,2
95,227,2
95,233,6
95,235,2
95,239,3
95,247,5
95,255,2
95,260,2
95,263,4
95,280,2
95,282,4
95,287,4
95,291,1
95,296,3
95,297,1
95,299,2
95,300,3
95,302,1
95,303,3
95,314,1
95,317,3
95,324,3
95,329,1
95,331,3
95,333,3
95,335,2
95,336,3
95,341,1
95,344,3
95,345,4
95,348,1
95,358,4
95,359,2
95,360,3
95,363,3
95,366,2
95,370,2
95,372,3
95,374,2
95,382,2
95,384,1
95,386,3
95,391,2
95,395,3
95,397,4
95,400,2
95,402,1
95,403,3
95,404,2
95,406,2
95,408,4
95,410,1
95,416,5
95,418,3
95,420,4
95,427,2
95,438,3
96,1,4
96,8,4
96,15,5
96,22,3
96,29,4
96,36,4
96,43,5
96,50,5
96,57,4
96,64,4
96,71,5
96,78,4
96,82,1
96,85,4
96,92,4
96,99,5
96,106,4
96,112,4
96,119,3
96,127,3
96,134,5
96,141,4
96,148,4
96,152,1
96,155,5
96,162,4
96,169,3
96,176,4
96,183,5
96,190,3
96,197,4
96,204,3
96,211,5
96,218,4
96,225,4
96,232,4
96,239,5
96,246,4
96,253,4
96,260,3
96,274,4
96,282,4
96,288,4
96,295,4
96,302,4
96,309,4
96,316,3
96,323,5
96,328,1
96,330,3
96,337,4
96,344,4
96,351,4
96,358,3
96,379,5
96,384,1
96,386,4
96,393,4
96,400,4
96,407,5
96,414,4
96,421,4
96,428,4
96,435,5
97,1,5
97,3,3
97,6,2
97,7,7
97,8,3
97,13,2
97,14,5
97,16,6
97,20,4
97,21,6
97,27,3
97,30,6
97,35,3
97,36,5
97,37,3
97,40,2
97,43,6
97,47,3
97,50,6
97,54,6
97,55,3
97,57,5
97,58,2
97,62,3
97,64,6
97,69,5
97,72,3
97,88,5
97,89,4
97,90,3
97,93,5
97,97,5
97,98,6
97,101,6
97,103,4
97,105,1
97,106,6
97,110,2
97,111,1
97,113,6
97,114,5
97,120,3
97,121,6
97,125,2
97,127,7
97,128,6
97,129,2
97,134,6
97,139,6
97,141,2
97,142,6
97,144,1
97,146,1
97,148,5
97,149,2
97,151,5
97,153,2
97,155,6
97,156,3
97,166,4
97,167,1
97,169,5
97,173,6
97,175,6
97,176,2
97,182,3
97,184,6
97,187,4
97,188,2
97,191,7
97,196,1
97,198,6
97,202,3
97,204,7
97,208,1
97,210,2
97,212,6
97,218,9
97,219,3
97,222,2
97,225,5
97,227,2
97,229,2
97,230,6
97,231,6
97,233,4
97,234,4
97,236,5
97,239,6
97,240,2
97,245,8
97,246,3
97,260,6
97,261,4
97,266,7
97,268,1
97,274,4
97,281,6
97,282,8
97,283,2
97,288,6
97,293,4
97,296,5
97,300,3
97,302,7
97,309,2
97,311,5
97,313,2
97,316,6
97,319,2
97,322,6
97,323,6
97,324,3
97,330,6
97,337,5
97,344,6
97,352,6
97,357,6
97,365,5
97,366,5
97,371,4
97,372,2
97,373,7
97,376,3
97,379,7
97,383,2
97,384,6
97,386,6
97,388,4
97,390,1
97,392,1
97,393,4
97,395,5
97,398,3
97,399,3
97,401,6
97,404,2
97,408,5
97,411,3
97,414,6
97,415,6
97,419,2
97,420,1
97,421,1
97,422,6
97,423,1
97,426,3
97,427,6
97,428,5
97,432,4
97,434,2
97,435,1
97,436,6
98,2,2
98,3,1
98,13,4
98,16,4
98,19,4
98,21,4
98,24,3
98,27,3
98,29,5
98,30,4
98,32,2
98,34,3
98,35,3
98,40,4
98,45,3
98,50,3
98,51,1
98,52,4
98,54,2
98,59,4
98,66,3
98,67,3
98,73,4
98,77,4
98,80,3
98,85,4
98,87,3
98,94,1
98,98,5
98,103,4
98,118,2
98,120,4
98,124,2
98,132,3
98,133,4
98,136,1
98,139,5
98,142,1
98,146,5
98,148,2
98,157,5
98,161,1
98,162,2
98,163,6
98,166,1
98,168,5
98,171,1
98,178,2
98,179,2
98,183,8
98,184,3
98,190,2
98,194,2
98,199,3
98,201,5
98,211,4
98,214,1
98,216,3
98,217,3
98,225,5
98,235,4
98,240,3
98,247,6
98,256,2
98,262,2
98,267,5
98,272,5
98,276,3
98,292,3
98,299,5
98,305,3
98,318,5
98,324,2
98,330,4
98,332,1
98,334,1
98,336,5
98,339,3
98,352,4
98,355,3
98,359,5
98,366,4
98,370,3
98,376,1
98,377,5
98,382,1
98,386,3
98,395,4
98,401,4
98,404,5
98,408,4
98,415,4
98,421,4
98,423,3
98,427,3
98,435,1
99,2,6
99,7,4
99,13,5
99,15,2
99,16,5
99,21,2
99,25,5
99,37,5
99,43,5
99,50,6
99,54,3
99,57,4
99,63,6
99,72,4
99,76,3
99,78,6
99,85,5
99,87,5
99,99,5
99,102,5
99,103,3
99,106,5
99,108,4
99,111,2
99,113,4
99,119,5
99,126,5
99,130,5
99,134,4
99,140,5
99,142,2
99,148,5
99,149,3
99,156,4
99,160,5
99,162,5
99,169,5
99,176,5
99,181,1
99,183,4
99,188,5
99,190,4
99,191,3
99,192,4
99,197,6
99,207,1
99,209,4
99,211,4
99,215,3
99,218,5
99,223,2
99,226,5
99,232,5
99,237,4
99,239,4
99,247,7
99,253,6
99,261,4
99,263,5
99,265,4
99,268,2
99,271,3
99,274,5
99,278,1
99,281,6
99,288,6
99,295,6
99,301,1
99,302,5
99,307,4
99,309,5
99,312,5
99,316,5
99,323,5
99,330,5
99,337,5
99,344,5
99,351,6
99,358,5
99,361,1
99,364,5
99,365,5
99,367,2
99,372,5
99,379,5
99,381,5
99,386,5
99,390,3
99,393,5
99,395,2
99,399,5
99,400,5
99,407,6
99,415,5
99,417,5
99,419,3
99,421,5
99,428,5
99,433,2
99,438,4
100,1,4
100,2,2
100,3,5
100,5,5
100,7,4
100,8,1
100,9,1
100,11,3
100,13,3
100,16,4
100,17,5
100,23,2
100,25,3
100,26,1
100,27,4
100,29,2
100,31,2
100,35,5
100,37,1
100,38,7
100,40,1
100,41,2
100,44,3
100,47,4
100,52,4
100,54,5
100,56,3
100,57,2
100,58,4
100,61,2
100,62,6
100,68,2
100,69,8
100,71,5
100,75,5
100,76,2
100,78,1
100,79,1
100,81,6
100,82,2
100,83,1
100,84,1
100,85,4
100,87,5
100,91,5
100,93,1
100,94,5
100,96,1
100,97,2
100,98,2
100,101,2
100,104,3
100,105,1
100,106,3
100,107,1
100,110,1
100,111,3
100,113,3
100,115,5
100,117,2
100,118,4
100,119,4
100,120,1
100,121,2
100,122,5
100,124,5
100,125,4
100,126,2
100,127,2
100,128,3
100,131,1
100,132,3
100,134,2
100,136,5
100,139,3
100,142,3
100,145,5
100,146,1
100,147,3
100,148,3
100,150,6
100,151,4
100,152,2
100,153,5
100,154,1
100,157,2
100,161,1
100,164,2
100,173,4
100,174,1
100,175,2
100,177,1
100,178,6
100,180,1
100,181,5
100,183,1
100,185,5
100,186,2
100,199,3
100,201,4
100,202,1
100,205,3
100,206,2
100,207,3
100,208,5
100,210,4
100,214,4
100,215,4
100,216,1
100,217,3
100,219,2
100,223,4
100,225,2
100,227,2
100,232,5
100,241,4
100,242,5
100,243,4
100,248,1
100,249,4
100,251,4
100,252,4
100,254,3
100,255,6
100,256,1
100,257,1
100,259,1
100,262,6
100,263,5
100,264,2
100,266,6
100,267,2
100,268,6
100,271,7
100,273,2
100,274,5
100,275,5
100,278,2
100,280,2
100,283,5
100,285,4
100,287,1
100,288,1
100,290,5
100,293,1
100,294,3
100,295,7
100,297,2
100,298,6
100,299,2
100,301,3
100,302,2
100,305,6
100,308,1
100,309,4
100,312,3
100,314,2
100,316,5
100,321,5
100,323,4
100,324,3
100,325,3
100,326,5
100,327,6
100,329,1
100,330,2
100,331,3
100,333,2
100,334,2
100,335,6
100,336,1
100,337,3
100,338,4
100,339,3
100,340,4
100,341,1
100,342,4
100,344,5
100,346,3
100,347,1
100,348,6
100,349,2
100,350,4
100,353,2
100,354,3
100,355,5
100,356,1
100,357,1
100,358,3
100,359,3
100,361,4
100,362,4
100,364,2
100,365,2
100,368,1
100,369,4
100,371,3
100,374,6
100,375,1
100,376,3
100,377,1
100,379,6
100,381,4
100,401,3
100,402,7
100,403,2
100,404,6
100,406,5
100,407,4
100,408,4
100,409,1
100,410,5
100,414,5
100,415,1
100,418,6
100,420,1
100,422,4
100,424,4
100,425,6
100,427,3
100,429,3
100,433,6
100,435,7
